create database Music;
use Music;

--четвертый уровень

create table Countries(
	Id_countries varchar(30) constraint Id_countries_pk primary key,
	Country_image_source varchar(50),
	Country_icon_image_source varchar(50),
	Country varchar(30)
);

insert into Countries(Id_countries, Country_image_source, Country_icon_image_source, Country)
	values ('Albania', '/Images/Countries/Flag/Albania.png', '/Images/Countries/Icon/Albania.png', 'Albania'),
		   ('Armenia', '/Images/Countries/Flag/Armenia.png', '/Images/Countries/Icon/Armenia.png', 'Armenia'),
		   ('Austria', '/Images/Countries/Flag/Austria.png', '/Images/Countries/Icon/Austria.png', 'Austria'),
		   ('Belarus', '/Images/Countries/Flag/Belarus.png', '/Images/Countries/Icon/Belarus.png', 'Belarus'),
		   ('Belgium', '/Images/Countries/Flag/Belgium.png', '/Images/Countries/Icon/Belgium.png', 'Belgium'),
		   ('Bosnia_and_Herzegovina', '/Images/Countries/Flag/Bosnia_and_Herzegovina.png', '/Images/Countries/Icon/Bosnia_and_Herzegovina.png', 'Bosnia and Herzegovina'),
		   ('Bulgaria', '/Images/Countries/Flag/Bulgaria.png', '/Images/Countries/Icon/Bulgaria.png', 'Bulgaria'),
		   ('Croatia', '/Images/Countries/Flag/Croatia.png', '/Images/Countries/Icon/Croatia.png', 'Croatia'),
		   ('Czech_Republic', '/Images/Countries/Flag/Czech_Republic.png', '/Images/Countries/Icon/Czech_Republic.png', 'Czech Republic'),
		   ('Denmark', '/Images/Countries/Flag/Denmark.png', '/Images/Countries/Icon/Denmark.png', 'Denmark'),
		   ('Estonia', '/Images/Countries/Flag/Estonia.png', '/Images/Countries/Icon/Estonia.png', 'Estonia'),
		   ('Finland', '/Images/Countries/Flag/Finland.png', '/Images/Countries/Icon/Finland.png', 'Finland'),
		   ('France', '/Images/Countries/Flag/France.png', '/Images/Countries/Icon/France.png', 'France'),
		   ('Germany', '/Images/Countries/Flag/Germany.png', '/Images/Countries/Icon/Germany.png', 'Germany'),
		   ('Greece', '/Images/Countries/Flag/Greece.png', '/Images/Countries/Icon/Greece.png', 'Greece'),
		   ('Hungary', '/Images/Countries/Flag/Hungary.png', '/Images/Countries/Icon/Hungary.png', 'Hungary'),
		   ('Iceland', '/Images/Countries/Flag/Iceland.png', '/Images/Countries/Icon/Iceland.png', 'Iceland'),
		   ('Ireland', '/Images/Countries/Flag/Ireland.png', '/Images/Countries/Icon/Ireland.png', 'Ireland'),
		   ('Italy', '/Images/Countries/Flag/Italy.png', '/Images/Countries/Icon/Italy.png', 'Italy'),
		   ('Kazakhstan', '/Images/Countries/Flag/Kazakhstan.png', '/Images/Countries/Icon/Kazakhstan.png', 'Kazakhstan'),
		   ('Latvia', '/Images/Countries/Flag/Latvia.png', '/Images/Countries/Icon/Latvia.png', 'Latvia'),
		   ('Lithuania', '/Images/Countries/Flag/Lithuania.png', '/Images/Countries/Icon/Lithuania.png', 'Lithuania'),
		   ('Moldova', '/Images/Countries/Flag/Moldova.png', '/Images/Countries/Icon/Moldova.png', 'Moldova'),
		   ('Netherlands', '/Images/Countries/Flag/Netherlands.png', '/Images/Countries/Icon/Netherlands.png', 'Netherlands'),
		   ('North_Macedonia', '/Images/Countries/Flag/North_Macedonia.png', '/Images/Countries/Icon/North_Macedonia.png', 'North Macedonia'),
		   ('Norway', '/Images/Countries/Flag/Norway.png', '/Images/Countries/Icon/Norway.png', 'Norway'),
		   ('Poland', '/Images/Countries/Flag/Poland.png', '/Images/Countries/Icon/Poland.png', 'Poland'),
		   ('Portugal', '/Images/Countries/Flag/Portugal.png', '/Images/Countries/Icon/Portugal.png', 'Portugal'),
		   ('Romania', '/Images/Countries/Flag/Romania.png', '/Images/Countries/Icon/Romania.png', 'Romania'),
		   ('Russia', '/Images/Countries/Flag/Russia.png', '/Images/Countries/Icon/Russia.png', 'Russia'),
		   ('Serbia', '/Images/Countries/Flag/Serbia.png', '/Images/Countries/Icon/Serbia.png', 'Serbia'),
		   ('Slovakia', '/Images/Countries/Flag/Slovakia.png', '/Images/Countries/Icon/Slovakia.png', 'Slovakia'),
		   ('Slovenia', '/Images/Countries/Flag/Slovenia.png', '/Images/Countries/Icon/Slovenia.png', 'Slovenia'),
		   ('Spain', '/Images/Countries/Flag/Spain.png', '/Images/Countries/Icon/Spain.png', 'Spain'),
		   ('Sweden', '/Images/Countries/Flag/Sweden.png', '/Images/Countries/Icon/Sweden.png', 'Sweden'),
		   ('Switzerland', '/Images/Countries/Flag/Switzerland.png', '/Images/Countries/Icon/Switzerland.png', 'Switzerland'),
		   ('Ukraine', '/Images/Countries/Flag/Ukraine.png', '/Images/Countries/Icon/Ukraine.png', 'Ukraine'),
		   ('UK', '/Images/Countries/Flag/United_Kingdom.png', '/Images/Countries/Icon/United_Kingdom.png', 'UK')

create table Radio(
	Id_radio int constraint Id_radio_pk primary key,
	Radio nvarchar(30),
	Description nvarchar(1000),
	Stream nvarchar(60),
	Page nvarchar(60),
	Radio_image_source varchar(50)
);

insert into Radio(Id_radio, Radio, Description, Stream, Page, Radio_image_source)
	values (1, 'ПАССАЖ', 'Первая профессиональная интернет-радиостанция, предлагающая лучшую музыку за последние пятнадцать лет. Это абсолютные хиты ярких 90-х годов, популярные композиции «нулевых» и самые свежие новинки – без пауз и рекламы.

На Радио Пассаж нет ведущих и рекламных блоков. Песни звучат от начала и до конца, без заминок и прерываний. Это сделано для того, чтобы слушатели могли наслаждаться качественной музыкой без каких-либо помех.',
		   'http://listen.radiopassazh.ru/aac-64', 'https://radiopotok.ru/radio/291', '/Images/Radio/passaj.png'),
		   (2, 'HardRockFm', 'HardRockFm Radio - только лучшие хиты мелодичного хард - рока эпохи 80-х, 90-х, 2000-х! Слушай только лучшее!

У нас звучат AC/DC, Van Halen, Bon Jovi, Accept, Guns''N''Roses, Aerosmith, Alice Cooper, Bonfire, Cinderella, Def Leppard, DIO, Dokken, Europe, Gorky Park, Journey, Judas Priest, Yngwee Malmsteen и многие - многие другие исполнители!',
		   'http://stream.hardrockfm.ru:8100/hardrockfm-320.mp3', 'https://radiopotok.ru/radio/1653', '/Images/Radio/HardRockFm.png'),
		   (3, 'Maximum', 'Ведущая поп-рок радиостанция России, хорошо знакомая тем, кто интересуется современными направлениями мировой музыки.
		   
MAXIMUM предлагает своим слушателям как проверенные временем хиты, так и новые треки зарубежных рок-исполнителей. 

Неотъемлемая часть эфира — утреннее и вечернее шоу, а акже еженедельные программы «Учитесь слышать» про новую независимую российскую музыку и «Heavy Monday» с самыми тяжелыми треками во всем FM-диапазоне.',
		   'http://maximum.hostingradio.ru/maximum128.mp3', 'https://radiopotok.ru/radio/87', '/Images/Radio/Maximum.png'),
		   (4, 'Радио ИСКАТЕЛЬ', 'Кто такие Искатели? Если любопытство, дух приключений и жажда нового составляют движущую силу вашей жизни, Вы - Искатель! Если ваши ценности - крепкая дружба, верность идеалам, преданность принципам, Вы - Искатель! Мы - тоже Искатели! И мы любим жить интересно. Нам хочется, чтобы каждый, кто впервые услышит Радио ИСКАТЕЛЬ, тоже полюбил такую жизнь. Полную приключений, путешествий, знаний и музыки. Это возможно благодаря честной музыке, искренним словам, важным новостям и любопытным историям. Всё это вы всегда найдете на Радио ИСКАТЕЛЬ.',
		   'http://iskatel.hostingradio.ru:8015/iskatel-128.mp3', 'https://radiopotok.ru/radio/1006', '/Images/Radio/Searcher.png'),
		   (5, 'HR RADIO', 'Радиостанция HR Radio работает с 2014 года. Ее поддерживает компания «Мегаполис Медиа». В эфире звучит популярная отечественная и иностранная музыка. Но главной особенностью канала является его специализация. В эфире звучат профессиональные информационные передачи, посвященные сфере HR: подбору персонала, управлению человеческими ресурсами, корпоративному обучению. ',
		   'http://hrradio.hostingradio.ru:8077/hrradio128.mp3', 'https://radiopotok.ru/radio/737', '/Images/Radio/HR.png')

--третий уровень

create table Artists(
	Id_country varchar(30) constraint Id_country_fk foreign key references Countries(Id_countries),
	Id_artists int constraint Id_artists_pk primary key,
	Artist nvarchar(25),
	Activity varchar(40)
);

insert into Artists(Id_country, Id_artists, Artist, Activity)
	values ('Armenia', 2, 'Bambir', '1978 - настоящее время'),
		   ('Austria', 3, 'Siegfried', '1998 - настоящее время'),
		   ('Belarus', 4, 'NIZKIZ', '2008 - настоящее время'),
		   ('Belgium', 5, 'Hooverphonic', '1995 - настоящее время'),
		   ('Bulgaria', 7, 'Б.Т.Р.', '1984 - настоящее время'),
		   ('Croatia', 8, 'Ashes You Leave', '1995 - настоящее время'),
		   ('Czech_Republic', 9, 'Chinaski', '1987 - настоящее время'),
		   ('Denmark', 10, 'Volbeat', '2001 - настоящее время'),
		   ('Estonia', 11, 'Herald', '2000 - настоящее время'),
		   ('Finland', 12, 'Ruoska', '2002 - настоящее время'),
		   ('France', 13, 'Gojira', '1996 - настоящее время'),
		   ('Germany', 14, 'Powerwolf', '2003 - настоящее время'),
		   ('Germany', 39, 'Rammstein', '1994 - настоящее время'),
		   ('Greece', 15, 'Firewind', '1998 - настоящее время'),
		   ('Hungary', 16, 'Kárpátia', '2003 - настоящее время'),
		   ('Iceland', 17, 'Björk', '1977 - настоящее время'),
		   ('Ireland', 18, 'The Cranberries', '1989 - 2003, 2009 - 2019'),
		   ('Italy', 19, 'Lacuna Coil', '1996 - настоящее время'),
		   ('Kazakhstan', 20, 'А-Студио', '1982 - настоящее время'),
		   ('Latvia', 21, 'Brainstorm', '1989 - настоящее время'),
		   ('Lithuania', 22, 'Foje', '1983 - настоящее время'),
		   ('Moldova', 23, 'Zdob și Zdub', '1994 - настоящее время'),
		   ('Netherlands', 24, 'Heidevolk', '2002 - настоящее время'),
		   ('Norway', 26, 'Dimmu Borgir', '1993 - настоящее время'),
		   ('Poland', 27, 'Hunter', '1985 - настоящее время'),
		   ('Portugal', 28, 'Moonspell', '1992 - настоящее время'),
		   ('Romania', 29, 'Cargo', '1985 - настоящее время'),
		   ('Russia', 30, 'Король и Шут', '1988 – 2014'),
		   ('Serbia', 31, 'Van Gogh', '1986–1987, 1990 - настоящее время'),
		   ('Slovenia', 33, 'Siddharta', '1995 - настоящее время'),
		   ('Spain', 34, 'Héroes del Silencio', '1984 - 1996'),
		   ('Sweden', 35, 'Sabaton', '1999 - настоящее время'),
		   ('Switzerland', 36, 'Gotthard', '1992 - настоящее время'),
		   ('Ukraine', 37, 'The Hardkiss', '2011 - настоящее время'),
		   ('UK', 38, 'Gloryhammer', '2010 - настоящее время'),
		   ('UK', 40, 'The Beatles', '1957 – 1970'),
		   ('UK', 41, 'Queen', '1970 - настоящее время')

create table Genres(
	Id_genres int constraint Id_genres_fk primary key,
	Genres nvarchar(25)
);

insert into Genres(Id_genres, Genres)
	values (1, 'folk rock'),
		   (2, 'indie rock'),
		   (3, 'folk metal'),
		   (4, 'viking metal'),
		   (5, 'alternative rock'),
		   (6, 'pop rock'),
		   (7, 'downbeat'),
		   (8, 'chillout'),
		   (9, 'lounge'),
		   (10, 'art rock'),
		   (11, 'dream pop'),
		   (12, 'heavy metal'),
		   (13, 'hard rock'),
		   (14, 'doom metal'),
		   (15, 'gothic metal'),
		   (16, 'pop punk'),
		   (17, 'groove metal'),
		   (18, 'psychobilly'),
		   (19, 'industrial metal'),
		   (20, 'neue deutsche härte'),
		   (21, 'progressive metal'),
		   (22, 'death metal'),
		   (23, 'power metal'),
		   (24, 'symphonic metal'),
		   (25, 'experimental'),
		   (26, 'electronic'),
		   (27, 'avant-garde'),
		   (28, 'art pop'),
		   (29, 'celtic rock'),
		   (30, 'soft rock'),
		   (31, 'alternative metal'),
		   (32, 'pop'),
		   (33, 'disco'),
		   (34, 'britpop'),
		   (35, 'new wave'),
		   (36, 'folk punk'),
		   (37, 'rapcore'),
		   (38, 'ska punk'),
		   (39, 'hardcore punk'),
		   (40, 'gypsy punk'),
		   (41, 'melodic black metal'),
		   (42, 'symphonic black metal'),
		   (43, 'thrash metal'),
		   (44, 'black metal'),
		   (45, 'dark metal'),
		   (46, 'horror punk'),
		   (47, 'punk rock'),
		   (48, 'rock'),
		   (49, 'electronic rock'),
		   (50, 'power pop'),
		   (51, 'rock and roll'),
		   (52, 'speed metal'),
		   (53, 'synthpop'),
		   (54, 'symphonic power metal'),
		   (55, 'merseybeat'),
		   (56, 'psychedelic rock'),
		   (57, 'glam rock')

create table Users(
	Id_users int constraint Id_users_pk primary key,
	Name nvarchar(20) not null,
	Surname nvarchar(20) not null,
	Login nvarchar(40) not null,
	Password varchar(30) not null,
	Create_date varchar(20),
	User_image_source varchar(50),
	Cash int
);

--Второй уровень

create table Genre(
	Id_artist int constraint Id_artist_genres_fk foreign key references Artists(Id_artists),
	Id_genre int constraint Id_genre_fk foreign key references Genres(Id_genres)
);

insert into Genre(Id_artist, Id_genre)
	values (2, 1),
		   (2, 2),
		   (2, 3),
		   (3, 4),
		   (4, 5),
		   (4, 6),
		   (4, 2),
		   (5, 8),
		   (5, 9),
		   (5, 10),
		   (5, 11),
		   (5, 7),
		   (7, 12),
		   (7, 13),
		   (8, 14),
		   (8, 15),
		   (9, 6),
		   (9, 16),
		   (10, 17),
		   (10, 18),
		   (10, 13),
		   (11, 12),
		   (12, 19),
		   (12, 20),
		   (13, 21),
		   (13, 22),
		   (13, 17),
		   (14, 23),
		   (14, 24),
		   (14, 12),
		   (39, 20),
		   (39, 19),
		   (39, 13),
		   (39, 15),
		   (15, 12),
		   (15, 23),
		   (16, 1),
		   (16, 3),
		   (17, 25),
		   (17, 26),
		   (17, 27),
		   (17, 28),
		   (18, 5),
		   (18, 11),
		   (18, 29),
		   (18, 30),
		   (19, 15),
		   (19, 31),
		   (20, 32),
		   (20, 33),
		   (20, 30),
		   (20, 6),
		   (21, 2),
		   (21, 5),
		   (21, 34),
		   (22, 5),
		   (22, 35),
		   (23, 1),
		   (23, 36),
		   (23, 37),
		   (23, 38),
		   (23, 39),
		   (23, 40),
		   (24, 3),
		   (24, 4),
		   (26, 41),
		   (26, 42),
		   (27, 12),
		   (27, 43),
		   (28, 44),
		   (28, 45),
		   (28, 3),
		   (28, 14),
		   (28, 15),
		   (29, 12),
		   (30, 46),
		   (30, 47),
		   (30, 36),
		   (31, 5),
		   (31, 48),
		   (31, 49),
		   (31, 50),
		   (33, 13),
		   (34, 13),
		   (34, 51),
		   (35, 12),
		   (35, 23),
		   (35, 3),
		   (35, 52),
		   (36, 12),
		   (36, 13),
		   (37, 6),
		   (37, 5),
		   (37, 49),
		   (37, 53),
		   (38, 54),
		   (40, 32),
		   (40, 48),
		   (40, 55),
		   (40, 51),
		   (40, 56),
		   (40, 13),
		   (41, 13),
		   (41, 6),
		   (41, 57)

create table Participants(
	Id_artist int constraint Id_artist_partisipants_fk foreign key references Artists(Id_artists),
	Id_partisipants int constraint Id_partisipants_pk primary key,
	Partisipant nvarchar(60),
	Status nvarchar(30),
	Role nvarchar(60)
);

insert into Participants(Id_artist, Id_partisipants, Partisipant, Status, Role)
	values	(2, 1, 'Нарек Барсегян', 'Участвует', 'вокал, гитара'),
			(2, 2, 'Арик Григорян', 'Участвует', 'вокал, флейта'),
			(2, 3, 'Арман Кочарян', 'Участвует', 'бас'),
			(2, 4, 'Вардан Паремузян', 'Участвует', 'барабаны'),
			(2, 5, 'Гагик Барсегян', 'Покинул группу', 'вокал, гитара'),
			(2, 6, 'Гурген Акопджанян', 'Покинул группу', 'вокал, флейта'),
			(2, 7, 'Армен Саргсян', 'Покинул группу', 'бас'),
			(2, 8, 'Владимир Восканян', 'Покинул группу', 'барабаны'),
			(2, 9, 'Татул Егиазарян', 'Покинул группу', 'виолончель'),
			(3, 10, 'Sandra Schleret', 'Участвует', 'вокал'),
			(3, 11, 'Werner Bialek', 'Участвует', 'вокал'),
			(3, 12, 'Bruder Cle', 'Участвует', 'вокал'),
			(3, 13, 'Daniel Bachmaier', 'Участвует', 'гитара, клавишные'),
			(3, 14, 'Wolfgang Holzknecht', 'Участвует', 'гитара'),
			(3, 15, 'Roland Wurzer', 'Участвует', 'бас'),
			(3, 16, 'Moritz Neuner', 'Участвует', 'ударные'),
			(4, 17, 'Дмитрий Холявкин', 'Участвует', 'барабаны'),
			(4, 18, 'Леонид Нестерук', 'Участвует', 'гитара'),
			(4, 19, 'Александр Ильин', 'Участвует', 'вокал, гитара'),
			(4, 20, 'Сергей Кульша', 'Участвует', 'бас-гитара'),
			(5, 21, 'Алекс Каллье', 'Участвует', 'бас-гитара'),
			(5, 22, 'Раймонд Гертс', 'Участвует', 'гитара'),
			(5, 23, 'Лука Крёйсбергс', 'Участвует', 'вокал'),
			(5, 24, 'Ноэми Волфс', 'Покинул группу', 'вокал'),
			(5, 25, 'Хейке Арнарт', 'Покинул группу', 'вокал'),
			(5, 26, 'Лише Садониус', 'Покинул группу', 'вокал'),
			(5, 27, 'Франк Дюшан', 'Покинул группу', 'клавишник'),
			(7, 28, 'Атанас Пенев', 'Участвует', 'вокал'),
			(7, 29, 'Иван Кальфов', 'Участвует', 'бас'),
			(7, 30, 'Славчо Николов', 'Участвует', 'гитараб вокал'),
			(7, 31, 'Илиян Диков', 'Участвует', 'ударные'),
			(7, 32, 'Ицо Ангов', 'Покинул группу', ''),
			(7, 33, 'Валентин Гуевски', 'Покинул группу', ''),
			(7, 34, 'Милен Марчев', 'Покинул группу', 'бас-гитара'),
			(7, 35, 'Ясен Петров', 'Покинул группу', 'вокал'),
			(7, 36, 'Георги Милев', 'Покинул группу', ''),
			(7, 37, 'Александр Каранджулов', 'Покинул группу', ''),
			(7, 38, 'Бойко Ковачев', 'Покинул группу', ''),
			(7, 39, 'Делин Иванов', 'Покинул группу', ''),
			(7, 40, 'Иван Лазаров', 'Покинул группу', ''),
			(7, 41, 'Кирилл Божков', 'Покинул группу', ''),
			(8, 42, 'Тамара Мулаосманович', 'Участвует', 'вокал, клавишные'),
			(8, 43, 'Берислав Пое', 'Участвует', 'гитара, вокал'),
			(8, 44, 'Марта Батинич', 'Участвует', 'скрипка'),
			(8, 45, 'Матия Ремпешич', 'Участвует', 'гитара'),
			(8, 46, 'Лука Петрович', 'Участвует', 'бас-гитара'),
			(8, 47, 'Далибор Франькич', 'Участвует', 'ударные'),
			(9, 48, 'Михал Малатный', 'Участвует', 'гитара, вокал'),
			(9, 49, 'Франтишек Таборский', 'Участвует', 'соло-гитара, вокал'),
			(9, 50, 'Ян Штайнсдёрфер', 'Участвует', 'клавишные'),
			(9, 51, 'Томи Окрес', 'Участвует', 'бас-гитара'),
			(9, 52, 'Лукаш Павлик', 'Участвует', 'ударные'),
			(9, 53, 'Ондржей Шкох', 'Покинул группу', ''),
			(9, 54, 'Штепан Шкох', 'Покинул группу', ''),
			(9, 55, 'Отакар Петршина (младший)', 'Покинул группу', ''),
			(9, 56, 'Петр Кужварт', 'Покинул группу', ''),
			(9, 57, 'Павел Грохман', 'Покинул группу', 'ударные'),
			(9, 58, 'Петр Райхерт', 'Покинул группу', 'саксофон'),
			(9, 59, 'Иржи Сейдлер', 'Покинул группу', 'автор текстов'),
			(9, 60, 'Адам Стивин', 'Покинул группу', 'бас-гитара'),
			(9, 61, 'Мартин Кулхавый', 'Покинул группу', ''),
			(9, 62, 'Марцела Хмелиржова', 'Покинул группу', ''),
			(9, 63, 'Роберт Ина', 'Покинул группу', ''),
			(10, 64, 'Микаэль Поулсен', 'Участвует', 'вокал, соло и ритм-гитара'),
			(10, 65, 'Роберт Каджано', 'Участвует', 'соло, ритм-гитара'),
			(10, 66, 'Каспар Бойе Ларсен', 'Участвует', 'бас-гитара'),
			(10, 67, 'Йон Ларсен', 'Участвует', 'ударные'),
			(10, 68, 'Франс Готтсхалк', 'Покинул группу', 'гитара'),
			(10, 69, 'Томас Бредал', 'Покинул группу', 'гитара'),
			(10, 70, 'Андерс Кйольхольм', 'Покинул группу', 'бас-гитара'),
			(11, 71, 'Свен Варкел', 'Участвует', 'вокал'),
			(11, 72, 'Эгерт Вандел', 'Участвует', 'гитара'),
			(11, 73, 'Тауно Нава', 'Участвует', 'гитара'),
			(11, 74, 'Отт Орас', 'Участвует', 'бас-гитара'),
			(11, 75, 'Ранно Раялаане', 'Участвует', 'ударные'),
			(11, 76, 'Март Калвет', 'Покинул группу', 'вокал'),
			(11, 77, 'Виктор Вилланд', 'Покинул группу', 'бас-гитара'),
			(11, 78, 'Марвин', 'Покинул группу', 'бас-гитара'),
			(11, 79, 'Март Вески', 'Покинул группу', 'бас-гитара'),
			(12, 80, 'Патрик Меннандер', 'Участвует', 'вокал'),
			(12, 81, 'Мика Камппи', 'Участвует', 'бас-гитара'),
			(12, 82, 'Сами Карппинен', 'Участвует', 'ударные,клавиши, со-автор песен'),
			(12, 83, 'Ансси Аувинен', 'Участвует', 'соло-гитара, бэк-вокал, со-автор песен'),
			(12, 84, 'Кай Ахвенранта', 'Покинул группу', 'ритм-гитара'),
			(13, 85, 'Джо Дюплантье', 'Участвует', 'вокал, соло-гитара'),
			(13, 86, 'Марио Дюплантье', 'Участвует', 'барабаны'),
			(13, 87, 'Кристиан Андрю', 'Участвует', 'ритм-гитара'),
			(13, 88, 'Жан-Мишель Лабади', 'Участвует', 'бас-гитара'),
			(14, 89, 'Аттила Дорн', 'Участвует', 'вокал'),
			(14, 90, 'Мэтью Грейвольф', 'Участвует', 'гитара'),
			(14, 91, 'Чарльз Грейвулф', 'Участвует', 'гитара, бас-гитара'),
			(14, 92, 'Роэль Ван Хэйден', 'Участвует', 'ударные'),
			(14, 93, 'Фолк-Мария Шлегель', 'Участвует', 'клавишные, орган'),
			(14, 94, 'Стефан Фюнебр', 'Покинул группу', 'ударные'),
			(39, 95, 'Тилль Линдеманн', 'Участвует', 'вокал'),
			(39, 96, 'Рихард Круспе', 'Участвует', 'соло-гитара, бэк-вокал'),
			(39, 97, 'Пауль Ландерс', 'Участвует', 'ритм-гитара, бэк-вокал'),
			(39, 98, 'Оливер Ридель', 'Участвует', 'бас-гитара'),
			(39, 99, 'Кристиан Лоренц', 'Участвует', 'клавишные'),
			(39, 100, 'Кристоф Шнайдер', 'Участвует', 'ударные'),
			(15, 101, 'Хенне Бассе', 'Участвует', 'вокал'),
			(15, 102, 'Гас Джи', 'Участвует', 'соло-гитара, ритм-гитара, бэк-вокал'),
			(15, 103, 'Петрос Кристо', 'Участвует', 'бас-гитара, бэк-вокал'),
			(15, 104, 'Боб Катсионис', 'Участвует', 'ритм-гитара, клавишные, бэк-вокал'),
			(15, 105, 'Йохан Нунз', 'Участвует', 'ударные'),
			(15, 106, 'Аполло Папатанасио', 'Покинул группу', 'вокал'),
			(15, 107, 'Стиан Кристофферсен', 'Покинул группу', 'ударные'),
			(15, 108, 'Читраль Сомпала', 'Покинул группу', 'вокал'),
			(15, 109, 'Брайан Харрис', 'Покинул группу', 'ударные'),
			(15, 110, 'Константин', 'Покинул группу', 'бас-гитара'),
			(15, 111, 'Стефен Фредрик', 'Покинул группу', 'вокал'),
			(15, 112, 'Брендан Пендер', 'Покинул группу', 'вокал'),
			(15, 113, 'Мэтт Скарфилд', 'Покинул группу', 'ударные'),
			(15, 114, 'Марк Кросс', 'Покинул группу', 'ударные'),
			(16, 115, 'Янош Петраш', 'Участвует', ''),
			(16, 116, 'Галантаи Габор', 'Участвует', ''),
			(16, 117, 'Банко Аттила', 'Участвует', ''),
			(16, 118, 'Бэк Золтан', 'Участвует', ''),
			(16, 119, 'Сиярто Жолт', 'Участвует', ''),
			(16, 120, 'Гарамвёлдьи-Бене Беата', 'Участвует', ''),
			(16, 121, 'Эгеди Пирошка', 'Участвует', ''),
			(17, 122, 'Бьорк', 'Участвует', 'вокал'),
			(18, 123, 'Ниалл Куинн', 'Покинул группу', 'ведущий вокал, ритм-гитара'),
			(18, 124, 'Ноэл Хоган', 'Покинул группу', 'соло, иногда ритм-гитара, бэк-вокал'),
			(18, 125, 'Майк Хоган', 'Покинул группу', 'бас-гитара, бэк-вокал'),
			(18, 126, 'Фергал Лоулер', 'Покинул группу', 'ударные'),
			(18, 127, 'Долорес О’Риордан', 'Покинул группу', 'ведущий вокал, ритм, иногда соло-гитара, клавишные'),
			(19, 128, 'Кристина Скаббия', 'Участвует', 'женский вокал'),
			(19, 129, 'Андреа Ферро', 'Участвует', 'мужской вокал'),
			(19, 130, 'Марко Коти Дзелати', 'Участвует', 'бас-гитара, клавишные'),
			(19, 131, 'Райан Блейк Фолден', 'Участвует', 'ударные'),
			(19, 132, 'Диего Каваллотти', 'Участвует', 'гитара'),
			(19, 133, 'Марко Биацци', 'Покинул группу', 'гитара'),
			(19, 134, 'Микеланджело Альгарди', 'Покинул группу', 'ударные, перкуссия'),
			(19, 135, 'Раффаэле Дзагария', 'Покинул группу', 'гитара'),
			(19, 136, 'Клаудио Лео', 'Покинул группу', 'гитара'),
			(19, 137, 'Леонардо Форти', 'Покинул группу', 'ударные'),
			(19, 138, 'Кристиано Мильоре', 'Покинул группу', 'гитара'),
			(19, 139, 'Кристиано Моццати', 'Покинул группу', 'ударные'),
			(20, 140, 'Байгали Серкебаев', 'Участвует', 'клавишные, вокал'),
			(20, 141, 'Владимир Миклошич', 'Участвует', 'бас-гитара'),
			(20, 142, 'Кети Топурия', 'Участвует', 'вокал'),
			(20, 143, 'Сагнай Абдулин', 'Покинул группу', 'ударные'),
			(20, 144, 'Наджиб Вильданов', 'Покинул группу', 'вокал'),
			(20, 145, 'Булат Сыздыков', 'Покинул группу', 'гитара'),
			(20, 146, 'Батырхан Шукенов', 'Покинул группу', 'вокал, саксофон'),
			(20, 147, 'Полина Гриффис', 'Покинул группу', 'вокал'),
			(20, 148, 'Баглан Садвакасов', 'Покинул группу', 'гитара'),
			(20, 149, 'Тамерлан Садвакасов', 'Покинул группу', 'гитара'),
			(20, 150, 'Фёдор Досумов', 'Покинул группу', 'гитара'),
			(21, 151, 'Ренарс Кауперс', 'Участвует', 'вокал, гитара'),
			(21, 152, 'Янис Юбалтс', 'Участвует', 'гитара, бэк-вокал'),
			(21, 153, 'Марис Михельсонс', 'Участвует', 'мультиинструментал, бэк-вокал'),
			(21, 154, 'Каспарс Рога', 'Участвует', 'барабаны, перкуссия'),
			(21, 155, 'Гундар Маушевиц', 'Покинул группу', 'бас, бэк-вокал'),
			(22, 156, 'Andrius Mamontovas', 'Покинул группу', 'vocals, guitar, drums, keyboards'),
			(22, 157, 'Arnoldas Lukošius', 'Покинул группу', 'keyboards, accordion'),
			(22, 158, 'Algis Kriščiūnas', 'Покинул группу', 'drums'),
			(22, 159, 'Darius Burokas', 'Покинул группу', 'bass, keyboards'),
			(22, 160, 'Darius Tarasevičius', 'Покинул группу', 'bass'),
			(22, 161, 'Romas Rainys', 'Покинул группу', 'bass, guitar'),
			(22, 162, 'Eugenijus Pugačiukas', 'Покинул группу', 'drums'),
			(22, 163, 'Saulius Valikonis', 'Покинул группу', 'saxophone'),
			(22, 164, 'Gediminas Simniškis', 'Покинул группу', 'bass'),
			(22, 165, 'Jaunius Beinortas', 'Покинул группу', 'guitar'),
			(22, 166, 'Robertas Meržvinskas', 'Покинул группу', 'saxophone'),
			(22, 167, 'Robertas Griškevičius', 'Покинул группу', 'keyboards'),
			(23, 168, 'Роман Ягупов', 'Участвует', ' вокал, акустическая гитара, флейта'),
			(23, 169, 'Михай Гынку', 'Участвует', 'бас-гитара, бэк-вокал'),
			(23, 170, 'Андрей Чеботарь', 'Участвует', 'ударная установка'),
			(23, 171, 'Виктор Дандеш', 'Участвует', 'тромбон, народные инструменты'),
			(23, 172, 'Валериу Мазылу', 'Участвует', 'труба, чимпой, бэк-вокал'),
			(23, 173, 'Святослав Старуш', 'Участвует', 'гитара, бэк-вокал'),
			(24, 174, 'Марк Боктинг', 'Участвует', 'вокал'),
			(24, 175, 'Ларс', 'Участвует', 'вокал'),
			(24, 176, 'Реймон Блем', 'Участвует', 'гитара'),
			(24, 177, 'Роуон Мидделвийк', 'Участвует', 'бас-гитара'),
			(24, 178, 'Йоост Вестдийк', 'Участвует', 'барабаны'),
			(24, 179, 'Кевин Врухтбаерт', 'Участвует', 'гитара'),
			(24, 180, 'Irma Vos', 'Участвует', 'скрипка'),
			(24, 181, 'Йорис Богхтдринкер', 'Покинул группу', 'вокал'),
			(24, 182, 'Себас ван Элдик', 'Покинул группу', 'гитара'),
			(24, 183, 'Джесси Вуербэерт', 'Покинул группу', 'вокал'),
			(24, 184, 'Нильс Бенкервер', 'Покинул группу', 'гитара'),
			(24, 185, 'Пол Браадвраат', 'Покинул группу', 'бас'),
			(24, 186, 'Стефани Спирврув', 'Покинул группу', 'скрипка'),
			(26, 187, 'Stian Tomt Thoresen', 'Участвует', 'вокал, барабаны, клавишные'),
			(26, 188, 'Sven Atle Kopperud', 'Участвует', 'гитара, вокал'),
			(26, 189, 'Thomas Rune Andersen', 'Участвует', 'гитара'),
			(26, 190, 'Stian Aarstad ', 'Покинул группу', 'клавишные'),
			(26, 191, 'Kenneth Åkesson', 'Покинул группу', 'гитараб ударные'),
			(26, 192, 'Ivar Tristan Lundsten', 'Покинул группу', 'бас-гитара'),
			(26, 193, 'Stian Arnesen', 'Покинул группу', 'бас-гитара, бэк-вокал'),
			(26, 194, 'Jamie Stinson', 'Покинул группу', 'гитара'),
			(26, 195, 'TNicholas Barker', 'Покинул группу', 'ударные'),
			(26, 196, 'Simen Hestnæs', 'Покинул группу', 'бас-гитара, чистый вокал'),
			(26, 197, 'Øyvind Johan Mustaparta', 'Покинул группу', 'клавишные'),
			(27, 198, 'Paweł Grzegorczyk', 'Участвует', ''),
			(27, 199, 'Dariusz Brzozowski', 'Участвует', ''),
			(27, 200, 'Piotr Kędzierzawski', 'Участвует', ''),
			(27, 201, 'Michał Jelonek', 'Участвует', ''),
			(27, 202, 'Konrad Karchut', 'Участвует', ''),
			(27, 203, 'Arkadiusz Letkiewicz', 'Участвует', ''),
			(28, 204, 'Фернанду Рибейру', 'Участвует', 'вокал'),
			(28, 205, 'Рикарду Аморим', 'Участвует', 'гитара'),
			(28, 206, 'Мигел Гашпар', 'Участвует', 'ударные'),
			(28, 207, 'Педру Пайшау', 'Участвует', 'клавишные, семплы, гитара'),
			(28, 208, 'Айреш Перейра', 'Участвует', 'бас-гитара'),
			(28, 209, 'Toureiro', 'Покинул группу', 'ударные'),
			(28, 210, 'Mantus', 'Покинул группу', 'гитара'),
			(28, 211, 'Жуан Педру', 'Покинул группу', 'бас-гитара'),
			(28, 212, 'Сержиу Крестана', 'Покинул группу', 'бас-гитара'),
			(28, 213, 'Луиш Ламелаш', 'Покинул группу', 'гитара'),
			(28, 214, 'Никлас Этелявуори', 'Покинул группу', 'бас-гитара'),
			(29, 215, 'Adrian Igrișan', 'Участвует', 'вокал'),
			(29, 216, 'Adrian Bărar', 'Участвует', 'гитара, вокал'),
			(29, 217, 'Octavian Pilan', 'Участвует', 'ударные'),
			(29, 218, 'Ionut Cârjă', 'Участвует', 'клавишные'),
			(29, 219, 'Alin Achim', 'Участвует', 'бас-гитара'),
			(30, 220, 'Михаил Горшенёв', 'Покинул группу', 'вокал, музыка, тексты'),
			(30, 221, 'Андрей Князев', 'Покинул группу', 'вокал, музыка, тексты'),
			(30, 222, 'Александр Щиголев', 'Покинул группу', 'ударные'),
			(30, 223, 'Александр Балунов', 'Покинул группу', 'гитара, вокал, бас-гитара, бэк-вокал'),
			(30, 224, 'Яков Цвиркунов', 'Покинул группу', 'соло-гитара, бэк-вокал'),
			(30, 225, 'Павел Сажинов', 'Покинул группу', 'звукорежиссёр, клавишные'),
			(30, 226, 'Александр Леонтьев', 'Покинул группу', 'вокал, ритм-гитара, бэк-вокал'),
			(30, 227, 'Мария Нефёдова', 'Покинул группу', 'скрипка'),
			(30, 228, 'Сергей Захаров', 'Покинул группу', 'бас-гитара'),
			(30, 229, 'Дмитрий Ришко', 'Покинул группу', 'скрипка, бэк-вокал'),
			(31, 230, 'Zvonimir Đukić', 'Участвует', 'вокал, гитара'),
			(31, 231, 'Srboljub Radivojević', 'Участвует', 'ударные'),
			(31, 232, 'Dejan Ilić', 'Участвует', 'бас-гитара'),
			(31, 233, 'Branislav Gluvakov', 'Участвует', 'гитара'),
			(31, 234, 'Jovan Samardzic', 'Покинул группу', 'бас-гитара'),
			(31, 235, 'Goran Milisavljević', 'Покинул группу', 'вокал'),
			(31, 236, 'Predrag Popović', 'Покинул группу', 'бас-гитара'),
			(31, 237, 'Aleksandar Barać', 'Покинул группу', 'бас-гитара'),
			(31, 238, 'Miško Veličković', 'Покинул группу', 'бас-гитара'),
			(31, 239, 'Dušan Bogović', 'Покинул группу', 'бас-гитара'),
			(31, 240, 'Đorđe Petrović', 'Покинул группу', 'клавишные'),
			(31, 241, 'Vlada Barjaktarević', 'Покинул группу', 'клавишные'),
			(31, 242, 'Dragan Ivanović', 'Покинул группу', 'бас-гитара'),
			(31, 243, 'Aleksandar Stojkovski', 'Покинул группу', 'гитара'),
			(33, 244, 'Томи Меглич', 'Участвует', 'гитара, вокал'),
			(33, 245, 'Примож Бенко', 'Участвует', 'гитара'),
			(33, 246, 'Яни Хаце', 'Участвует', 'бас-гитара'),
			(33, 247, 'Томаж Окроглич Роус', 'Участвует', 'клавишные, программирование'),
			(33, 248, 'Боштян Меглич', 'Участвует', 'ударные, перкуссия'),
			(33, 249, 'Примож Маерич', 'Покинул группу', 'бас-гитара'),
			(33, 250, 'Цене Ресник', 'Покинул группу', 'саксофон, флейта, клавишные'),
			(34, 251, 'Энрике Бунбури', 'Покинул группу', 'вокал, акустическая гитара, губная гармоника'),
			(34, 252, 'Хуан Бальдивиа', 'Покинул группу', 'соло-гитара'),
			(34, 253, 'Хоакин Кардьель', 'Покинул группу', 'бас-гитара'),
			(34, 254, 'Педро Андреу', 'Покинул группу', 'ударные'),
			(34, 255, 'Алан Богуславски', 'Покинул группу', 'гитара'),
			(34, 256, 'Гонсало Бальдивиа', 'Покинул группу', 'гитара'),
			(35, 257, 'Йоаким Броден', 'Участвует', 'вокал, клавишные, ритм-гитара, бас-гитара'),
			(35, 258, 'Пэр Сундстрём', 'Участвует', 'бас-гитара, бэк-вокал'),
			(35, 259, 'Крис Рёланд', 'Участвует', 'ритм-гитара, бэк-вокал'),
			(35, 260, 'Ханнес Ван Дал', 'Участвует', 'ударные'),
			(35, 261, 'Томми Йоханссон', 'Участвует', 'соло-гитара, бэк-вокал'),
			(35, 262, 'Ричард Ларсон', 'Покинул группу', 'ударные'),
			(35, 263, 'Рикард Сунден', 'Покинул группу', 'соло-гитара, бэк-вокал'),
			(35, 264, 'Оскар Монтелиус', 'Покинул группу', 'соло-гитара, бэк-вокал'),
			(35, 265, 'Даниель Муллбак', 'Покинул группу', 'ударные, бэк-вокал'),
			(35, 266, 'Даниель Мюр', 'Покинул группу', 'клавишные, бэк-вокал'),
			(35, 267, 'Роббан Бэк', 'Покинул группу', 'ударные, перкуссия'),
			(35, 268, 'Тоббе Энглунд', 'Покинул группу', 'соло-гитара, бэк-вокал'),
			(36, 269, 'Nic Maeder', 'Участвует', 'вокал'),
			(36, 270, 'Leo Leoni', 'Участвует', 'гитара'),
			(36, 271, 'Freddy Scherer', 'Участвует', 'гитара'),
			(36, 272, 'Marc Lynn', 'Участвует', 'бас-гитара'),
			(36, 273, 'Hena Habegger', 'Участвует', 'ударные'),
			(36, 274, 'Nicolo Fragile', 'Участвует', 'клавишные'),
			(36, 275, 'Steve Lee', 'Покинул группу', 'вокал'),
			(36, 276, 'Mandy Meyer', 'Покинул группу', 'гитара'),
			(36, 277, 'Igor Gianola', 'Покинул группу', 'тур-гитара'),
			(37, 278, 'Юлия Санина', 'Участвует', 'вокал, автор текстов и музыки'),
			(37, 279, 'Валерий Бебко', 'Участвует', 'гитара'),
			(37, 280, 'Клим Лисюк', 'Участвует', 'бас-гитара'),
			(37, 281, 'Евгений Кибелев', 'Участвует', 'ударные'),
			(37, 282, 'Поль Солонар', 'Покинул группу', 'клавишные'),
			(37, 283, 'Виталий Онискевич', 'Покинул группу', 'клавишные'),
			(37, 284, 'Роман Скоробагатько', 'Покинул группу', 'гитара'),
			(37, 285, 'Дмитрий Смотров', 'Покинул группу', 'ударные'),
			(38, 286, 'Paul Templing', 'Участвует', 'гитара'),
			(38, 287, 'James Cartwright', 'Участвует', 'бас-гитара'),
			(38, 288, 'Ben Turk', 'Участвует', 'ударные'),
			(38, 289, 'Thomas Winkler', 'Участвует', 'вокал'),
			(38, 290, 'Michael Barber', 'Участвует', 'клавишные'),
			(40, 291, 'Джон Леннон', 'Покинул группу', 'вокал, бэк-вокал, гитара, бас-гитара, фортепиано, клавишные'),
			(40, 292, 'Пол Маккартни', 'Покинул группу', 'вокал, бэк-вокал, бас-гитара, фортепиано, гитара, ударные'),
			(40, 293, 'Джордж Харрисон', 'Покинул группу', 'вокал, бэк-вокал, гитара, ситар, бас-гитара, перкуссия'),
			(40, 294, 'Ринго Старр', 'Покинул группу', 'вокал, бэк-вокал, ударные, перкуссия'),
			(41, 295, 'Брайан Мэй', 'Участвует', 'гитары, клавишные, вокал, бэк-вокал'),
			(41, 296, 'Роджер Тейлор', 'Участвует', 'ударные, вокал, бэк-вокал'),
			(41, 297, 'Фредди Меркьюри', 'Покинул группу', 'вокал, клавишные, гитара'),
			(41, 298, 'Джон Дикон', 'Покинул группу', 'бас-гитара, гитара, клавишные')


create table Albums(
	Id_artist int constraint Id_artist_fk foreign key references Artists(Id_artists),
	Id_albums int constraint Id_albums_pk primary key,
	Album nvarchar(100),
	Date_if_issue date,
	Number_of_tracks int,
	Duration int,
	Price int,
	Album_image_source varchar(100),
	Album_image_source_record varchar(100),
	Description nvarchar(1000)
);

insert into Albums(Id_artist, Id_albums, Album, Date_if_issue, Number_of_tracks, Duration, Price, Album_image_source, Album_image_source_record, Description)
	values (2, 1, 'Upsessions', '2015-05-31', 12, 2693, 9, '/Images/Albums/Upsessions/Upsessions.png', '/Images/Albums/Upsessions/Upsessions record.png', ''),
		   (3, 2, 'Drachenherz', '2001-01-01', 11, 2920, 5, '/Images/Albums/Drachenherz/Drachenherz.png', '/Images/Albums/Drachenherz/Drachenherz record.png', 'Дебютный студийный альбом австрийской группы Siegfried, выпущенный в 2001 году лейблом Napalm Records. Все композиции альбома спеты на немецком языке и повествуют о подвигах героя древнегерманского эпоса Зигфрида.'),
		   (4, 3, 'Синоптик', '2017-04-21', 9, 2205, 10, '/Images/Albums/Синоптик/Синоптик.png', '/Images/Albums/Синоптик/Синоптик record.png', ''),
		   (5, 4, 'The Magnificent Tree', '2000-09-26', 12, 2727, 20, '/Images/Albums/The Magnificent Tree/The Magnificent Tree.png', '/Images/Albums/The Magnificent Tree/The Magnificent Tree record.png', 'Это третий студийный альбом бельгийской группы Hooverphonic, выпущенный 26 сентября 2000 года. На обложке изображена группа перед деревом в городе Килдрехт, Бельгия.'),
		   (7, 5, 'Защо?', '2014-05-15', 10, 2890, 15, '/Images/Albums/Защо/Защо.png', '/Images/Albums/Защо/Защо record.png', ''),
		   (8, 6, 'The Inheritance of Sin and Shame', '2000-09-11', 8, 2546, 10, '/Images/Albums/The Inheritance of Sin and Shame/The Inheritance of Sin and Shame.png', '/Images/Albums/The Inheritance of Sin and Shame/The Inheritance of Sin and Shame record.png', ''),
		   (9, 7, 'Premium', '2003-01-01', 21, 6538, 9, '/Images/Albums/Premium/Premium.png', '/Images/Albums/Premium/Premium record.png', ''),
		   (10, 8, 'Guitar Gangsters & Cadillac Blood', '2008-08-29', 21, 2904, 20, '/Images/Albums/Guitar Gangsters & Cadillac Blood/Guitar Gangsters & Cadillac Blood.png', '/Images/Albums/Guitar Gangsters & Cadillac Blood/Guitar Gangsters & Cadillac Blood record.png', 'Третий студийный альбом датской грув-метал-группы Volbeat, изданный в 2008 году. Guitar Gangsters & Cadillac Blood включает 12 оригинальных песен и два кавера, на композиции Хэнка Уильямса и Джимми Уорка. Ряд песен содержит общую сюжетную линию и лирическую тему, которая развивается от трека к треку. На своём третьем альбоме коллектив стремится к оригинальности звучания, Guitar Gangsters & Cadillac Blood сочетает в себе элементы классического рок-н-ролла и рокабилли в стиле Джонни Кэша и Элвиса Пресли с тяжёлым звучанием, схожим со спид-металом Motörhead и хоррор-панком The Misfits.'),
		   (11, 9, 'Gaia', '2010-12-01', 12, 3032, 5, '/Images/Albums/Gaia/Gaia.png', '/Images/Albums/Gaia/Gaia record.png', ''),
		   (12, 10, 'Amortem', '2006-06-14', 11, 2635, 25, '/Images/Albums/Amortem/Amortem.png', '/Images/Albums/Amortem/Amortem record.png', 'Четвертый альбом финской индустриал метал группы Ruoska, выпущенный 14 июня 2006 года.'),
		   (13, 11, 'From Mars to Sirius', '2005-01-01', 12, 4012, 25, '/Images/Albums/From Mars to Sirius/From Mars to Sirius.png', '/Images/Albums/From Mars to Sirius/From Mars to Sirius record.png', 'Третий студийный альбом французской прогрессивной дэт-металлической группы Gojira. В концептуальном альбоме «From Mars to Sirius» рассказывается о воскрешении мертвой планеты посредством межпланетных поисков, решения экологических проблем, а также более широких тем жизни, смерти и возрождения. Объясняя значение, стоящее за названием альбома, Джо Дюплантье сказал в интервью, что «В некоторых культурах Марс символизирует войну и мир Сириуса. Я упрощаю! Это путешествие в состояние войны, даже если во Франции мы сохраняются, но это может быть война внутри нас, в нашей плоти, в нашем уме, война с самими собой ". Альбом был в значительной степени написан Джо и Марио Дюплантье, но Кристиан Андреу внес определенные части, такие как обрывок «Где живут драконы» и центральная мелодия «Мир впереди». По словам Марио, альбом был полностью продюсером группы. '),
		   (14, 12, 'The Sacrament Of Sin', '2018-07-19', 11, 2564, 15, '/Images/Albums/The Sacrament Of Sin/The Sacrament Of Sin.png', '/Images/Albums/The Sacrament Of Sin/The Sacrament Of Sin record.png', 'Cедьмой студийный альбом немецкой пауэр-метал группы Powerwolf, выпущенный 20 июля 2018 года лейблом Napalm Records. Альбом был записан в студии Fascination Street Studios в Эребру, Швеция с продюсером Йенсом Богреном.'),
		   (39, 13, 'Rammstein', '2019-05-17', 11, 2780, 35, '/Images/Albums/Rammstein/Rammstein.png', '/Images/Albums/Rammstein/Rammstein record.png', 'Безымянный седьмой студийный альбом немецкой NDH-группы Rammstein, также называемый как Rammstein, одноимённо названию группы, был выпущен 17 мая 2019 года. Официально альбом был анонсирован 28 марта 2019 года, одновременно с выпуском сингла «Deutschland».'),
		   (15, 14, 'The Premonition', '2008-03-08', 10, 2713, 15, '/Images/Albums/The Premonition/The Premonition.png', '/Images/Albums/The Premonition/The Premonition record.png', 'Пятый полноформатный альбом Firewind и единственный их альбом, в котором представлен тот же состав, что и у его предшественника.'),
		   (16, 15, 'Tűzzel, vassal', '2004-01-01', 13, 2606, 5, '/Images/Albums/Tuzzel vassal/Tuzzel vassal.png', '/Images/Albums/Tuzzel vassal/Tuzzel vassal record.png', ''),
		   (17, 16, 'Debut', '1993-07-05', 11, 2895, 25, '/Images/Albums/Debut/Debut.png', '/Images/Albums/Debut/Debut record.png', 'Первый международный студийный альбом исландской певицы Бьорк, выпущенный в 1993 году. Певица работала над ним в сотрудничестве с продюсером Нелли Хупером, который стал соавтором пяти песен. Большинство песен, составивших альбом, посвящены теме любви как к человеку, так и к жизни как таковой и были адресованы Доминику Траппу, на тот момент возлюбленному Бьорк, и продюсеру Хуперу. В музыкальном плане альбом разительно отличался от того, что исполнительница делала в составе группы «The Sugarcubes». На песнях сказалось сильное влияние таких стилей и жанров, как хаус, джаз и трип-хоп.'),
		   (18, 17, 'No Need to Argue', '1994-10-04', 13, 3028, 30, '/Images/Albums/No Need to Argue/No Need to Argue.png', '/Images/Albums/No Need to Argue/No Need to Argue record.png', 'Второй студийный альбом группы The Cranberries, вышел 4 октября 1994 года. Продюсер — Стивен Стрит. Наиболее успешный альбом группы, проданный тиражом около 17 млн копий. Содержит самый известный сингл ирландского коллектива — «Zombie». '),
		   (19, 18, 'Delirium', '2016-05-27', 11, 2678, 15, '/Images/Albums/Delirium/Delirium.png', '/Images/Albums/Delirium/Delirium record.png', 'Восьмой студийный альбом итальянской готик-метал-группы Lacuna Coil. Он был выпущен немецким лейблом Century Media 27 мая 2016 года'),
		   (20, 19, 'Улетаю', '2005-01-01', 10, 2211, 5, '/Images/Albums/Улетаю/Улетаю.png', '/Images/Albums/Улетаю/Улетаю record.png', ''),
		   (21, 20, 'Four Shores', '2006-03-11', 12, 2920, 15, '/Images/Albums/Four Shores/Four Shores.png', '/Images/Albums/Four Shores/Four Shores record.png', 'Четвёртый альбом группы на английском языке; ему предшествовала латышская версия, Četri krasti, вышедшая в мае 2005 года. Из 12 песен в альбоме 10 исполнены по-английски, а две по-русски.'),
		   (22, 21, 'Paveikslas', '2002-05-17', 32, 8802, 10, '/Images/Albums/Paveikslas/Paveikslas.png', '/Images/Albums/Paveikslas/Paveikslas record.png', ''),
		   (23, 22, 'Ethnomecanica', '2008-03-07', 14, 3513, 10, '/Images/Albums/Ethnomecanica/Ethnomecanica.png', '/Images/Albums/Ethnomecanica/Ethnomecanica record.png', ''),
		   (24, 23, 'Uit Oude Grond', '2010-01-01', 11, 3019, 15, '/Images/Albums/Uit Oude Grond/Uit Oude Grond.png', '/Images/Albums/Uit Oude Grond/Uit Oude Grond record.png', 'Третий студийный альбом голландской фолк-викинг-метал группы Heidevolk , выпущенный 26 марта 2010 года.'),
		   (26, 24, 'Death Cult Armageddon', '2003-09-03', 11, 3804, 20, '/Images/Albums/Death Cult Armageddon/Death Cult Armageddon.png', '/Images/Albums/Death Cult Armageddon/Death Cult Armageddon record.png', 'Шестой студийный альбом норвежской блэк-метал группы Dimmu Borgir, выпущенный в 2003 году лейблом Nuclear Blast. С Death Cult Armageddon начался новый стиль в холодных синих и серых цветах, который по сей день используется в стилистике альбомных рисунков, концертов, одежд Dimmu Borgir. Особенно выразительным в этом альбоме является влияние клавишных. В записи опять, как и на предыдущем альбоме, принял участие симфонический оркестр из 50-ти человек — Prague Philharmonic Orchestra.'),
		   (27, 25, 'Hellwood', '2009-01-01', 11, 3388, 20, '/Images/Albums/Hellwood/Hellwood.png', '/Images/Albums/Hellwood/Hellwood record.png', 'Четвертый студийный альбом польской хэви-металлической группы Hunter.'),
		   (28, 26, 'Irreligious', '1996-07-26', 11, 2930, 15, '/Images/Albums/Irreligious/Irreligious.png', '/Images/Albums/Irreligious/Irreligious record.png', 'Второй студийный альбом португальской готик-метал группы Moonspell, вышедший в 1996 году. Irreligious получил смешанную прессу; по мнению многих критиков, на альбоме яркие и запоминающиеся песни чередуются с проходными. Песня «Opium» была выпущена на сингле, а также на неё был снят видеоклип. Альбом разошёлся в количестве более чем 10 000 копий в Португалии и продержался 8 недель в немецком Top 50.'),
		   (29, 27, 'Spiritus Sanctus', '2002-12-31', 9, 3030, 5, '/Images/Albums/Spiritus Sanctus/Spiritus Sanctus.png', '/Images/Albums/Spiritus Sanctus/Spiritus Sanctus record.png', ''),
		   (30, 28, 'Акустический Альбом', '1998-01-01', 17, 3152, 10, '/Images/Albums/Акустический Альбом/Акустический Альбом.png', '/Images/Albums/Акустический Альбом/Акустический Альбом record.png', 'Третий студийный альбом российской панк-рок-группы «Король и Шут». Был записан в 1998 году на студии «Мелодия», выпущен в марте 1999 года. По словам создателей, этот альбом является экспериментом группы в новом для себя жанре с целью демонстрации своей разноплановости. В песнях звучит обилие акустики, что делает альбом непохожим на другие работы группы. Большинство песен носят любовный, трагический и юмористический характер, однако, несмотря на трагизм, присущий большинству композиций, их содержание всё же стоит воспринимать как шуточное. Рабочее название альбома — «Любовь негодяя». В записи приняли участие фолк-певица Марина Капуро, скрипачки Мария Бессонова и Мария Нефёдова, позже присоединившаяся к составу группы. «Акустический альбом» был высоко оценён музыкальными критиками за неординарность и редкую для панк-рок групп изобретательность в аранжировках.'),
		   (31, 29, 'Kolo', '2006-01-01', 11, 2391, 5, '/Images/Albums/Kolo/Kolo.png', '/Images/Albums/Kolo/Kolo record.png', 'Седьмой студийный альбом сербской рок-группы Van Gogh , выпущенный в 2006 году. Альбом был записан в Studio Sky и исполнен в Sony Music Studios в Нью-Йорке.'),
		   (33, 30, 'Rh-', '2003-08-12', 15, 3606, 10, '/Images/Albums/Rh-/Rh-.png', '/Images/Albums/Rh-/Rh- record.png', ''),
		   (34, 31, 'Senderos De Traición', '1990-05-04', 12, 2760, 10, '/Images/Albums/Senderos De Traicion/Senderos De Traicion.png', '/Images/Albums/Senderos De Traicion/Senderos De Traicion record.png', 'Второй студийный альбом испанской рок-группы Héroes del Silencio, выпущенный в 1990 году. Альбом был особенно успешным в Испании и Германии. В августе 1993 года по всему миру было продано 750 000 экземпляров, половина из которых была продана в Испании.'),
		   (35, 32, 'The Great War', '2019-07-17', 11, 2307, 15, '/Images/Albums/The Great War/The Great War.png', '/Images/Albums/The Great War/The Great War record.png', 'Девятый студийный альбом шведской пауэр-метал группы Sabaton, выпущенный 19 июля 2019 года. Это первый альбом с участием Томми Йоханссона в качестве гитариста. Первый сингл альбома, «Fields of Verdun», был выпущен 3 мая 2019 года, за ним последовал сингл «The Red Baron», выпущенный 13 июня того же года. Сингл на заглавную песню, «Great War», был выпущен 27 июня. Четвертый сингл, «82nd All the Way», был выпущен 20 июля. Альбом был выпущен в трех изданиях: стандартное издание, историческое издание с повествованием, предшествующим каждому треку и эксклюзивное издание Sabaton History Patreon, содержащее повествование Индианы Найделл.'),
		   (36, 33, 'Lipservice', '2005-06-05', 14, 3188, 10, '/Images/Albums/Lipservice/Lipservice.png', '/Images/Albums/Lipservice/Lipservice record.png', 'Студийный альбом швейцарской рок-группы Gotthard и первый альбом группы, вышедший на лейбле Nuclear Blast, издан в 2005 году.'),
		   (37, 34, 'Stones and Honey', '2014-10-08', 19, 3862, 10, '/Images/Albums/Stones and Honey/Stones and Honey.png', '/Images/Albums/Stones and Honey/Stones and Honey record.png', ''),
		   (38, 35, 'Tales from the Kingdom of Fife', '2013-01-01', 11, 3031, 10, '/Images/Albums/Tales from the Kingdom of Fife/Tales from the Kingdom of Fife.png', '/Images/Albums/Tales from the Kingdom of Fife/Tales from the Kingdom of Fife record.png', 'Дебютный альбом англо-швейцарской симфонической пауэр-метал группы Gloryhammer. Он был выпущен 29 марта 2013 года в Европе.'),
		   (40, 36, 'Abbey Road', '1969-07-12', 17, 2823, 40, '/Images/Albums/Abbey Road/Abbey Road.png', '/Images/Albums/Abbey Road/Abbey Road record.png', 'Двенадцатый студийный альбом британской рок-группы The Beatles. Работа над Abbey Road проходила с февраля по август 1969 года и стала последним совместным проектом всех четырёх участников ансамбля (последний номерной альбом группы Let It Be, выпущенный в 1970 году, большей частью был записан в январе 1969 года). Продюсером записи выступил Джордж Мартин, работавший с группой с 1962 года.'),
		   (41, 37, 'A Night at the Opera', '1975-11-06', 12, 2594, 35, '/Images/Albums/A Night at the Opera/A Night at the Opera.png', '/Images/Albums/A Night at the Opera/A Night at the Opera record.png', 'Четвёртый студийный альбом рок-группы Queen, выпущенный 2 декабря 1975 года. Пластинка имела большой успех: её продажи достигли трёх миллионов, а в чартах Британии она держалась на первой позиции четыре непоследовательных недели.')

create table Playlists(
	Id_user int constraint Id_user_playlists_fk foreign key references Users(Id_users),
	Id_playlists int constraint Id_playlists_pk primary key,
	Playlist_image_source varchar(50),
	Playlist varchar(30)
);
	
create table Purchased_albums(
	Id_user int constraint Id_user_purchased_albums_fk foreign key references Users(Id_users),
	Id_album_purchased int identity(1,1),
	Id_albums int,
	primary key(Id_album_purchased, Id_albums)
);

alter table Purchased_albums
add foreign key (Id_albums) references Albums(Id_albums)
on delete cascade

--первый уровень

create table Album(
	Id_album int constraint Id_album_fk foreign key references Albums(Id_albums),
	Id_composition int constraint Id_composition_pk primary key,
	Composition_source nvarchar(100),
	Composition nvarchar(50)
	
);

insert into Album(Id_album, Id_composition, Composition_source, Composition)
	values (1, 1, '/Music/Albums/Upsessions/Mouthworld.mp3', 'Mouthworld'),
		   (1, 2, '/Music/Albums/Upsessions/Peaceful Walk.mp3', 'Peaceful Walk'),
		   (1, 3, '/Music/Albums/Upsessions/To My New Home.mp3', 'To My New Home'),
		   (1, 4, '/Music/Albums/Upsessions/The Witching Hour.mp3', 'The Witching Hour'),
		   (1, 5, '/Music/Albums/Upsessions/Never Lose.mp3', 'Never Lose'),
		   (1, 6, '/Music/Albums/Upsessions/Broken.mp3', 'Broken'),
		   (1, 7, '/Music/Albums/Upsessions/Upset.mp3', 'Upset'),
		   (1, 8, '/Music/Albums/Upsessions/Grapes of Sinai.mp3', 'Grapes of Sinai'),
		   (1, 9, '/Music/Albums/Upsessions/Walters Blues.mp3', 'Walters Blues'),
		   (1, 10, '/Music/Albums/Upsessions/O.C.mp3', 'O.C'),
		   (1, 11, '/Music/Albums/Upsessions/Kitour (Locust).mp3', 'Kitour (Locust)'),
		   (1, 12, '/Music/Albums/Upsessions/Khio.mp3', 'Khio'),
		   (2, 13, '/Music/Albums/Siegfried/Balmung.mp3', 'Balmung'),
		   (2, 14, '/Music/Albums/Siegfried/Rheingold.mp3', 'Rheingold'),
		   (2, 15, '/Music/Albums/Siegfried/Jerusalem.mp3', 'Jerusalem'),
		   (2, 16, '/Music/Albums/Siegfried/Flagelum Dei.mp3', 'Flagelum Dei'),
		   (2, 17, '/Music/Albums/Siegfried/Walburgis Nacht.mp3', 'Walburgis Nacht'),
		   (2, 18, '/Music/Albums/Siegfried/Hexenblut.mp3', 'Hexenblut'),
		   (2, 19, '/Music/Albums/Siegfried/König und die Eiche.mp3', 'König und die Eiche'),
		   (2, 20, '/Music/Albums/Siegfried/Rabenschlacht.mp3', 'Rabenschlacht'),
		   (2, 21, '/Music/Albums/Siegfried/Siegfried.mp3', 'Siegfried'),
		   (2, 22, '/Music/Albums/Siegfried/Schwarzer Engel.mp3', 'Schwarzer Engel'),
		   (2, 23, '/Music/Albums/Siegfried/Drachenherz.mp3', 'Drachenherz'),
		   (3, 24, '/Music/Albums/Синоптик/Здесь.mp3', 'Здесь'),
		   (3, 25, '/Music/Albums/Синоптик/Независимым.mp3', 'Независимым'),
		   (3, 26, '/Music/Albums/Синоптик/Выбирай.mp3', 'Выбирай'),
		   (3, 27, '/Music/Albums/Синоптик/Так трэба.mp3', 'Так трэба'),
		   (3, 28, '/Music/Albums/Синоптик/Абсолют.mp3', 'Абсолют'),
		   (3, 29, '/Music/Albums/Синоптик/Цемра.mp3', 'Цемра'),
		   (3, 30, '/Music/Albums/Синоптик/Никому.mp3', 'Никому'),
		   (3, 31, '/Music/Albums/Синоптик/Небяспечна.mp3', 'Небяспечна'),
		   (3, 32, '/Music/Albums/Синоптик/Синоптик.mp3', 'Синоптик'),
		   (4, 33, '/Music/Albums/The Magnificent Tree/Autoharp.mp3', 'Autoharp'),
		   (4, 34, '/Music/Albums/The Magnificent Tree/Mad About You.mp3', 'Mad About You'),
		   (4, 35, '/Music/Albums/The Magnificent Tree/Waves.mp3', 'Waves'),
		   (4, 36, '/Music/Albums/The Magnificent Tree/Jackie Cane.mp3', 'Jackie Cane'),
		   (4, 37, '/Music/Albums/The Magnificent Tree/The Magnificent Tree.mp3', 'The Magnificent Tree'),
		   (4, 38, '/Music/Albums/The Magnificent Tree/Vinegar & Salt.mp3', 'Vinegar & Salt'),
		   (4, 39, '/Music/Albums/The Magnificent Tree/Frosted Flake Wood.mp3', 'Frosted Flake Wood'),
		   (4, 40, '/Music/Albums/The Magnificent Tree/Everytime We Live Together We Die A Bit More.mp3', 'Everytime We Live Together We Die A Bit More'),
		   (4, 41, '/Music/Albums/The Magnificent Tree/Out of Sight.mp3', 'Out of Sight'),
		   (4, 42, '/Music/Albums/The Magnificent Tree/Pink Fluffy Dinosaurs.mp3', 'Pink Fluffy Dinosaurs'),
		   (4, 43, '/Music/Albums/The Magnificent Tree/L''Odeur Animale.mp3', 'L''Odeur Animale'),
		   (4, 44, '/Music/Albums/The Magnificent Tree/Renaissance Affair.mp3', 'Renaissance Affair'),
		   (5, 45, '/Music/Albums/Защо/Защо.mp3', 'Защо'),
		   (5, 46, '/Music/Albums/Защо/Забравената нежност.mp3', 'Забравената нежност'),
		   (5, 47, '/Music/Albums/Защо/Стоманени криле.mp3', 'Стоманени криле'),
		   (5, 48, '/Music/Albums/Защо/Несбъдване.mp3', 'Несбъдване'),
		   (5, 49, '/Music/Albums/Защо/Само с теб.mp3', 'Само с теб'),
		   (5, 50, '/Music/Albums/Защо/Златен дъжд.mp3', 'Златен дъжд'),
		   (5, 51, '/Music/Albums/Защо/Жестокият ден.mp3', 'Жестокият ден'),
		   (5, 52, '/Music/Albums/Защо/Паднал ангел.mp3', 'Паднал ангел'),
		   (5, 53, '/Music/Albums/Защо/Гара без име.mp3', 'Гара без име'),
		   (5, 54, '/Music/Albums/Защо/Сто надежди.mp3', 'Сто надежди'),
		   (6, 55, '/Music/Albums/The Inheritance of Sin and Shame/Tin Horns.mp3', 'Tin Horns'),
		   (6, 56, '/Music/Albums/The Inheritance of Sin and Shame/Your Divinity.mp3', 'Your Divinity'),
		   (6, 57, '/Music/Albums/The Inheritance of Sin and Shame/Shepherd''s Song.mp3', 'Shepherd''s Song'),
		   (6, 58, '/Music/Albums/The Inheritance of Sin and Shame/Miles of Worn Out Days.mp3', 'Miles of Worn Out Days'),
		   (6, 59, '/Music/Albums/The Inheritance of Sin and Shame/When Withered Flowers Begin to Bloom.mp3', 'When Withered Flowers Begin to Bloom'),
		   (6, 60, '/Music/Albums/The Inheritance of Sin and Shame/And Thus You Poured Like Heaven Wept.mp3', 'And Thus You Poured Like Heaven Wept'),
		   (6, 61, '/Music/Albums/The Inheritance of Sin and Shame/The Inheritance of Sin and Shame.mp3', 'The Inheritance of Sin and Shame'),
		   (6, 62, '/Music/Albums/The Inheritance of Sin and Shame/Amber Star.mp3', 'Amber Star'),
		   (7, 63, '/Music/Albums/Premium/1970.mp3', '1970'),
		   (7, 64, '/Music/Albums/Premium/Mozna.mp3', 'Mozna'),
		   (7, 65, '/Music/Albums/Premium/Laska a jina nasili.mp3', 'Laska a jina nasili'),
		   (7, 66, '/Music/Albums/Premium/Laskopad.mp3', 'Laskopad'),
		   (7, 67, '/Music/Albums/Premium/Dobrák od Kosti.mp3', 'Dobrák od Kosti'),
		   (7, 68, '/Music/Albums/Premium/Můj svět.mp3', 'Můj svět'),
		   (7, 69, '/Music/Albums/Premium/Klára.mp3', 'Klára'),
		   (7, 70, '/Music/Albums/Premium/Strojvůdce.mp3', 'Strojvůdce'),
		   (7, 71, '/Music/Albums/Premium/Drobná paralela.mp3', 'Drobná paralela'),
		   (7, 72, '/Music/Albums/Premium/Radio Bubenec.mp3', 'Radio Bubenec'),
		   (7, 73, '/Music/Albums/Premium/Signalni.mp3', 'Signalni'),
		   (7, 74, '/Music/Albums/Premium/Kutil.mp3', 'Kutil'),
		   (7, 75, '/Music/Albums/Premium/Neni to muj pripad.mp3', 'Neni to muj pripad'),
		   (7, 76, '/Music/Albums/Premium/Jaxe.mp3', 'Jaxe'),
		   (7, 77, '/Music/Albums/Premium/Stejne Jako Ja.mp3', 'Stejne Jako Ja'),
		   (7, 78, '/Music/Albums/Premium/Vinohradska.mp3', 'Vinohradska'),
		   (7, 79, '/Music/Albums/Premium/Dlouhej kour.mp3', 'Dlouhej kour'),
		   (7, 80, '/Music/Albums/Premium/Pojd si lehnout.mp3', 'Pojd si lehnout'),
		   (7, 81, '/Music/Albums/Premium/Podléhám.mp3', 'Podléhám'),
		   (7, 82, '/Music/Albums/Premium/Puncochace.mp3', 'Puncochace'),
		   (7, 83, '/Music/Albums/Premium/Vinarna u Valdstejna.mp3', 'Vinarna u Valdstejna'),
		   (8, 84, '/Music/Albums/Guitar Gangsters & Cadillac Blood/Intro (End of the Road).mp3', 'Intro (End of the Road)'),
		   (8, 85, '/Music/Albums/Guitar Gangsters & Cadillac Blood/Guitar Gangsters & Cadillac Blood.mp3', 'Guitar Gangsters & Cadillac Blood'),
		   (8, 86, '/Music/Albums/Guitar Gangsters & Cadillac Blood/Back to Prom.mp3', 'Back to Prom'),
		   (8, 87, '/Music/Albums/Guitar Gangsters & Cadillac Blood/Mary Ann''s Place.mp3', 'Mary Ann''s Place'),
		   (8, 88, '/Music/Albums/Guitar Gangsters & Cadillac Blood/Hallelujah Goat.mp3', 'Hallelujah Goat'),
		   (8, 89, '/Music/Albums/Guitar Gangsters & Cadillac Blood/Maybellene i hofteholder.mp3', 'Maybellene i hofteholder'),
		   (8, 90, '/Music/Albums/Guitar Gangsters & Cadillac Blood/We.mp3', 'We'),
		   (8, 91, '/Music/Albums/Guitar Gangsters & Cadillac Blood/Still Counting.mp3', 'Still Counting'),
		   (8, 92, '/Music/Albums/Guitar Gangsters & Cadillac Blood/Light a Way.mp3', 'Light a Way'),
		   (8, 93, '/Music/Albums/Guitar Gangsters & Cadillac Blood/Wild Rover of Hell.mp3', 'Wild Rover of Hell'),
		   (8, 94, '/Music/Albums/Guitar Gangsters & Cadillac Blood/I''m So Lonesome I Could Cry.mp3', 'I''m So Lonesome I Could Cry'),
		   (8, 95, '/Music/Albums/Guitar Gangsters & Cadillac Blood/A Broken Man and the Dawn.mp3', ''),
		   (8, 96, '/Music/Albums/Guitar Gangsters & Cadillac Blood/Find That Soul.mp3', ''),
		   (8, 97, '/Music/Albums/Guitar Gangsters & Cadillac Blood/Making Believe.mp3', ''),
		   (9, 98, '/Music/Albums/Gaia/Kõrbesurm.mp3', 'Kõrbesurm'),
		   (9, 99, '/Music/Albums/Gaia/Tuline teras.mp3', 'Tuline teras'),
		   (9, 100, '/Music/Albums/Gaia/Ärkamine.mp3', 'Ärkamine'),
		   (9, 101, '/Music/Albums/Gaia/Tormiratsanikud.mp3', 'Tormiratsanikud'),
		   (9, 102, '/Music/Albums/Gaia/Amanita.mp3', 'Amanita'),
		   (9, 103, '/Music/Albums/Gaia/Kauged linnad.mp3', 'Kauged linnad'),
		   (9, 104, '/Music/Albums/Gaia/Veele, veele.mp3', 'Veele, veele'),
		   (9, 105, '/Music/Albums/Gaia/Gaia.mp3', 'Gaia'),
		   (9, 106, '/Music/Albums/Gaia/Anna tulla.mp3', 'Anna tulla'),
		   (9, 107, '/Music/Albums/Gaia/Metaltron.mp3', 'Metaltron'),
		   (9, 108, '/Music/Albums/Gaia/Hevilihas.mp3', 'Hevilihas'),
		   (9, 109, '/Music/Albums/Gaia/Teadmata tund.mp3', 'Teadmata tund'),
		   (10, 110, '/Music/Albums/Amortem/Intro.mp3', 'Intro'),
		   (10, 111, '/Music/Albums/Amortem/Amortem.mp3', 'Amortem'),
		   (10, 112, '/Music/Albums/Amortem/Pure Minua.mp3', 'Pure Minua'),
		   (10, 113, '/Music/Albums/Amortem/Taivas Palaa.mp3', 'Taivas Palaa'),
		   (10, 114, '/Music/Albums/Amortem/Järvet Jäihin Jää.mp3', 'Järvet Jäihin Jää'),
		   (10, 115, '/Music/Albums/Amortem/Sika.mp3', 'Sika'),
		   (10, 116, '/Music/Albums/Amortem/Viiden Tähden Helvetti.mp3', 'Viiden Tähden Helvetti'),
		   (10, 117, '/Music/Albums/Amortem/Mies Yli Laidan.mp3', 'Mies Yli Laidan'),
		   (10, 118, '/Music/Albums/Amortem/Tuonen Orjat.mp3', 'Tuonen Orjat'),
		   (10, 119, '/Music/Albums/Amortem/Alasin.mp3', 'Alasin'),
		   (10, 120, '/Music/Albums/Amortem/Kesä Tulla Saa.mp3', 'Kesä Tulla Saa'),
		   (11, 121, '/Music/Albums/From Mars to Sirius/Ocean Planet.mp3', 'Ocean Planet'),
		   (11, 122, '/Music/Albums/From Mars to Sirius/Backbone.mp3', 'Backbone'),
		   (11, 123, '/Music/Albums/From Mars to Sirius/From The Sky.mp3', 'From The Sky'),
		   (11, 124, '/Music/Albums/From Mars to Sirius/Unicorn.mp3', 'Unicorn'),
		   (11, 125, '/Music/Albums/From Mars to Sirius/Where Dragons Dwell.mp3', 'Where Dragons Dwell'),
		   (11, 126, '/Music/Albums/From Mars to Sirius/The Heaviest Matter of the Universe.mp3', 'The Heaviest Matter of the Universe'),
		   (11, 127, '/Music/Albums/From Mars to Sirius/Flying Whales.mp3', 'Flying Whales'),
		   (11, 128, '/Music/Albums/From Mars to Sirius/In the Wilderness.mp3', 'n the Wilderness'),
		   (11, 129, '/Music/Albums/From Mars to Sirius/World to Come.mp3', 'World to Come'),
		   (11, 130, '/Music/Albums/From Mars to Sirius/From Mars.mp3', 'From Mars'),
		   (11, 131, '/Music/Albums/From Mars to Sirius/To Sirius.mp3', 'To Sirius'),
		   (11, 132, '/Music/Albums/From Mars to Sirius/Global Warming.mp3', 'Global Warming'),
		   (12, 133, '/Music/Albums/The Sacrament Of Sin/Fire & Forgive.mp3', 'ire & Forgive'),
		   (12, 134, '/Music/Albums/The Sacrament Of Sin/Demons Are A Girl''s Best Friend.mp3', 'Demons Are A Girl''s Best Friend'),
		   (12, 135, '/Music/Albums/The Sacrament Of Sin/Killers With The Cross.mp3', 'Killers With The Cross'),
		   (12, 136, '/Music/Albums/The Sacrament Of Sin/Incense And Iron.mp3', 'Incense And Iron'),
		   (12, 137, '/Music/Albums/The Sacrament Of Sin/Where The Wild Wolves Have Gone.mp3', 'Where The Wild Wolves Have Gone'),
		   (12, 138, '/Music/Albums/The Sacrament Of Sin/Stossgebet.mp3', 'Stossgebet'),
		   (12, 139, '/Music/Albums/The Sacrament Of Sin/Nightside Of Siberia.mp3', 'Nightside Of Siberia'),
		   (12, 140, '/Music/Albums/The Sacrament Of Sin/The Sacrament Of Sin.mp3', 'The Sacrament Of Sin'),
		   (12, 141, '/Music/Albums/The Sacrament Of Sin/Venom Of Venus.mp3', 'Venom Of Venus'),
		   (12, 142, '/Music/Albums/The Sacrament Of Sin/Nighttime Rebel.mp3', 'Nighttime Rebel'),
		   (12, 143, '/Music/Albums/The Sacrament Of Sin/Fist By Fist.mp3', 'Fist By Fist'),
		   (13, 144, '/Music/Albums/Rammstein/Deutschland.mp3', 'Deutschland'),
		   (13, 145, '/Music/Albums/Rammstein/Radio.wav', 'Radio'),
		   (13, 146, '/Music/Albums/Rammstein/Zeig dich.mp3', 'Zeig dich'),
		   (13, 147, '/Music/Albums/Rammstein/Ausländer.flac', 'Ausländer'),
		   (13, 148, '/Music/Albums/Rammstein/Sex.mp3', 'Sex'),
		   (13, 149, '/Music/Albums/Rammstein/Puppe.ogg', 'Puppe'),
		   (13, 150, '/Music/Albums/Rammstein/Was ich liebe.mp3', 'Was ich liebe'),
		   (13, 151, '/Music/Albums/Rammstein/Diamant.aac', 'Diamant'),
		   (13, 152, '/Music/Albums/Rammstein/Weit weg.mp3', 'Weit weg'),
		   (13, 153, '/Music/Albums/Rammstein/Tattoo.mp3', 'Tattoo'),
		   (13, 154, '/Music/Albums/Rammstein/Hallomann.ape', 'Hallomann'),
		   (14, 155, '/Music/Albums/The Premonition/Into the Fire.mp3', 'Into the Fire'),
		   (14, 156, '/Music/Albums/The Premonition/Head Up High.mp3', 'Head Up High'),
		   (14, 157, '/Music/Albums/The Premonition/Mercenary Man.mp3', 'Mercenary Man'),
		   (14, 158, '/Music/Albums/The Premonition/Angels Forgive Me.mp3', 'Angels Forgive Me'),
		   (14, 159, '/Music/Albums/The Premonition/Remembered.mp3', 'Remembered'),
		   (14, 160, '/Music/Albums/The Premonition/My Loneliness.mp3', 'My Loneliness'),
		   (14, 161, '/Music/Albums/The Premonition/Circle of Life.mp3', 'Circle of Life'),
		   (14, 162, '/Music/Albums/The Premonition/The Silent Code.mp3', 'The Silent Code'),
		   (14, 163, '/Music/Albums/The Premonition/Maniac.mp3', 'Maniac'),
		   (14, 164, '/Music/Albums/The Premonition/Life Foreclosed.mp3', 'Life Foreclosed'),
		   (15, 165, '/Music/Albums/Tuzzel vassal/Szárnyaszegett.mp3', 'Szárnyaszegett'),
		   (15, 166, '/Music/Albums/Tuzzel vassal/Veterán.mp3', 'Veterán'),
		   (15, 167, '/Music/Albums/Tuzzel vassal/Csárdás.mp3', 'Csárdás'),
		   (15, 168, '/Music/Albums/Tuzzel vassal/Egy az Isten, egy a Nemzet.mp3', 'Egy az Isten, egy a Nemzet'),
		   (15, 169, '/Music/Albums/Tuzzel vassal/Szeretlek.mp3', 'Szeretlek'),
		   (15, 170, '/Music/Albums/Tuzzel vassal/Rozsdaette penge.mp3', 'Rozsdaette penge'),
		   (15, 171, '/Music/Albums/Tuzzel vassal/Sok a horgász, kevés a hal.mp3', 'Sok a horgász, kevés a hal'),
		   (15, 172, '/Music/Albums/Tuzzel vassal/Szép Vagy, Gyönyörű Vagy, Magyarország.mp3', 'Szép Vagy, Gyönyörű Vagy, Magyarország'),
		   (15, 173, '/Music/Albums/Tuzzel vassal/Nem engedünk ''48-ból.mp3', 'Nem engedünk ''48-ból'),
		   (15, 174, '/Music/Albums/Tuzzel vassal/Altató.mp3', 'Altató'),
		   (15, 175, '/Music/Albums/Tuzzel vassal/Menetel a század.mp3', 'Menetel a század'),
		   (15, 176, '/Music/Albums/Tuzzel vassal/Délvidéki szél.mp3', 'Délvidéki szél'),
		   (15, 177, '/Music/Albums/Tuzzel vassal/Nem eladó.mp3', 'Nem eladó'),
		   (16, 178, '/Music/Albums/Debut/Human Behaviour.mp3', 'Human Behaviour'),
		   (16, 179, '/Music/Albums/Debut/Crying.mp3', 'Crying'),
		   (16, 180, '/Music/Albums/Debut/Venus as a Boy.mp3', 'Venus as a Boy'),
		   (16, 181, '/Music/Albums/Debut/There''s More to Life Than This.mp3', 'There''s More to Life Than This'),
		   (16, 182, '/Music/Albums/Debut/Like Someone in Love.mp3', 'Like Someone in Love'),
		   (16, 183, '/Music/Albums/Debut/Big Time Sensuality.mp3', 'Big Time Sensuality'),
		   (16, 184, '/Music/Albums/Debut/One Day.mp3', 'One Day'),
		   (16, 185, '/Music/Albums/Debut/Aeroplane.mp3', 'Aeroplane'),
		   (16, 186, '/Music/Albums/Debut/Come to Me.mp3', 'Come to Me'),
		   (16, 187, '/Music/Albums/Debut/Violently Happy.mp3', 'Violently Happy'),
		   (16, 188, '/Music/Albums/Debut/The Anchor Song.mp3', 'The Anchor Song'),
		   (17, 189, '/Music/Albums/No Need to Argue/Ode to My Family.mp3', 'Ode to My Family'),
		   (17, 190, '/Music/Albums/No Need to Argue/I Can''t Be with You.mp3', 'I Can''t Be with You'),
		   (17, 191, '/Music/Albums/No Need to Argue/Twenty One.mp3', 'Twenty One'),
		   (17, 192, '/Music/Albums/No Need to Argue/Zombie.mp3', 'Zombie'),
		   (17, 193, '/Music/Albums/No Need to Argue/Empty.mp3', 'Empty'),
		   (17, 194, '/Music/Albums/No Need to Argue/Everything I Said.mp3', 'Everything I Said'),
		   (17, 195, '/Music/Albums/No Need to Argue/The Icicle Melts.mp3', 'The Icicle Melts'),
		   (17, 196, '/Music/Albums/No Need to Argue/Disappointment.mp3', 'Disappointment'),
		   (17, 197, '/Music/Albums/No Need to Argue/Ridiculous Thoughts.mp3', 'Ridiculous Thoughts'),
		   (17, 198, '/Music/Albums/No Need to Argue/Dreaming My Dreams.mp3', 'Dreaming My Dreams'),
		   (17, 199, '/Music/Albums/No Need to Argue/Yeat''s Grave.mp3', 'Yeat''s Grave'),
		   (17, 200, '/Music/Albums/No Need to Argue/Daffodil Lament.mp3', 'Daffodil Lament'),
		   (17, 201, '/Music/Albums/No Need to Argue/No Need to Argue.mp3', 'No Need to Argue'),
		   (18, 202, '/Music/Albums/Delirium/The House of Shame.mp3', 'The House of Shame'),
		   (18, 203, '/Music/Albums/Delirium/Broken Things.mp3', 'Broken Things'),
		   (18, 204, '/Music/Albums/Delirium/Delirium.mp3', 'Delirium'),
		   (18, 205, '/Music/Albums/Delirium/Blood, Tears, Dust.mp3', 'Blood, Tears, Dust'),
		   (18, 206, '/Music/Albums/Delirium/Downfall.mp3', 'Downfall'),
		   (18, 207, '/Music/Albums/Delirium/Take Me Home.mp3', 'Take Me Home'),
		   (18, 208, '/Music/Albums/Delirium/You Love Me Cause I Hate You.mp3', 'You Love Me Cause I Hate You'),
		   (18, 209, '/Music/Albums/Delirium/Ghost in the Mist.mp3', 'Ghost in the Mist'),
		   (18, 210, '/Music/Albums/Delirium/My Demons.mp3', 'My Demons'),
		   (18, 211, '/Music/Albums/Delirium/Claustrophobia.mp3', 'Claustrophobia'),
		   (18, 212, '/Music/Albums/Delirium/Ultima Ratio.mp3', 'Ultima Ratio'),
		   (19, 213, '/Music/Albums/Улетаю/Ночь-подружка.mp3', 'Ночь-подружка'),
		   (19, 214, '/Music/Albums/Улетаю/Улетаю.mp3', 'Улетаю'),
		   (19, 215, '/Music/Albums/Улетаю/Белые ночи любви.mp3', 'Белые ночи любви'),
		   (19, 216, '/Music/Albums/Улетаю/Сновидения.mp3', 'Сновидения'),
		   (19, 217, '/Music/Albums/Улетаю/My World.mp3', 'My World'),
		   (19, 218, '/Music/Albums/Улетаю/You Appreciate.mp3', 'You Appreciate'),
		   (19, 219, '/Music/Albums/Улетаю/I''ll Be Around.mp3', 'I''ll Be Around'),
		   (19, 220, '/Music/Albums/Улетаю/Ты.mp3', 'Ты'),
		   (19, 221, '/Music/Albums/Улетаю/Учкудук.mp3', 'Учкудук'),
		   (19, 222, '/Music/Albums/Улетаю/Ночь-подруга.mp3', 'Ночь-подруга'),
		   (20, 223, '/Music/Albums/Four Shores/Thunder Without Rain.mp3', 'Thunder Without Rain'),
		   (20, 224, '/Music/Albums/Four Shores/Tin Drums.mp3', 'Tin Drums'),
		   (20, 225, '/Music/Albums/Four Shores/Lonely Feeling.mp3', 'Lonely Feeling'),
		   (20, 226, '/Music/Albums/Four Shores/One Thing.mp3', 'One Thing'),
		   (20, 227, '/Music/Albums/Four Shores/Sunday Morning.mp3', 'Sunday Morning'),
		   (20, 228, '/Music/Albums/Four Shores/French Cartoon.mp3', 'French Cartoon'),
		   (20, 229, '/Music/Albums/Four Shores/Digitally Bright.mp3', 'Digitally Bright'),
		   (20, 230, '/Music/Albums/Four Shores/When Nightlife Covers The Daylight.mp3', 'When Nightlife Covers The Daylight'),
		   (20, 231, '/Music/Albums/Four Shores/Sunrise.mp3', 'Sunrise'),
		   (20, 232, '/Music/Albums/Four Shores/Leavin'' To L.A.mp3', 'Leavin'' To L.A'),
		   (20, 233, '/Music/Albums/Four Shores/Ветер.mp3', 'Ветер'),
		   (20, 234, '/Music/Albums/Four Shores/Ты не один.mp3', 'Ты не один'),
		   (21, 235, '/Music/Albums/Paveikslas/Paveikslas.mp3', 'Paveikslas'),
		   (21, 236, '/Music/Albums/Paveikslas/Vandenyje.mp3', 'Vandenyje'),
		   (21, 237, '/Music/Albums/Paveikslas/Aš čia esu.mp3', 'Aš čia esu'),
		   (21, 238, '/Music/Albums/Paveikslas/Geltoni Krantai.mp3', 'Geltoni Krantai'),
		   (21, 239, '/Music/Albums/Paveikslas/Vieną kartą Paryžiuj.mp3', 'Vieną kartą Paryžiuj'),
		   (21, 240, '/Music/Albums/Paveikslas/Kitoks Pasaulis.mp3', 'Kitoks Pasaulis'),
		   (21, 241, '/Music/Albums/Paveikslas/Balsas.mp3', 'Balsas'),
		   (21, 242, '/Music/Albums/Paveikslas/Meilės Nebus Per Daug.mp3', 'Meilės Nebus Per Daug'),
		   (21, 243, '/Music/Albums/Paveikslas/Paskutinis Traukinys.mp3', 'Paskutinis Traukinys'),
		   (21, 244, '/Music/Albums/Paveikslas/Amžinas Judesys.mp3', 'Amžinas Judesys'),
		   (21, 245, '/Music/Albums/Paveikslas/Saugok vaikystę.mp3', 'Saugok vaikystę'),
		   (21, 246, '/Music/Albums/Paveikslas/Pasiimk Mane.mp3', 'Pasiimk Mane'),
		   (21, 247, '/Music/Albums/Paveikslas/Kai Perplauksi Upę.mp3', 'Kai Perplauksi Upę'),
		   (21, 248, '/Music/Albums/Paveikslas/Mėlyni plaukai.mp3', 'Mėlyni plaukai'),
		   (21, 249, '/Music/Albums/Paveikslas/Žvakių šviesoje.mp3', 'Žvakių šviesoje'),
		   (21, 250, '/Music/Albums/Paveikslas/Krantas.mp3', 'Krantas'),
		   (21, 251, '/Music/Albums/Paveikslas/Mes Visi.mp3', 'Mes Visi'),
		   (21, 252, '/Music/Albums/Paveikslas/Distancija.mp3', 'Distancija'),
		   (21, 253, '/Music/Albums/Paveikslas/Baltam Name.mp3', 'Baltam Name'),
		   (21, 254, '/Music/Albums/Paveikslas/Pėdos Ant Drėgno Akmens.mp3', 'Pėdos Ant Drėgno Akmens'),
		   (21, 255, '/Music/Albums/Paveikslas/Liūdesys.mp3', 'Liūdesys'),
		   (21, 256, '/Music/Albums/Paveikslas/Žvaigždės kartais krenta.mp3', 'Žvaigždės kartais krenta'),
		   (21, 257, '/Music/Albums/Paveikslas/Arbata.mp3', 'Arbata'),
		   (21, 258, '/Music/Albums/Paveikslas/AŠ numirsiu vistiek.mp3', 'AŠ numirsiu vistiek'),
		   (21, 259, '/Music/Albums/Paveikslas/Atsimenu Tai.mp3', 'Atsimenu Tai'),
		   (21, 260, '/Music/Albums/Paveikslas/Tušti Delnai.mp3', 'Tušti Delnai'),
		   (21, 261, '/Music/Albums/Paveikslas/Vėjas.mp3', 'Vėjas'),
		   (21, 262, '/Music/Albums/Paveikslas/O, Mano Saule.mp3', 'O, Mano Saule'),
		   (21, 263, '/Music/Albums/Paveikslas/Dar Ilgai.mp3', 'Dar Ilgai'),
		   (21, 264, '/Music/Albums/Paveikslas/Tamsoje.mp3', 'Tamsoje'),
		   (21, 265, '/Music/Albums/Paveikslas/Vaikystės Stogas.mp3', 'Vaikystės Stogas'),
		   (21, 266, '/Music/Albums/Paveikslas/Laužo Šviesa.mp3', 'Laužo Šviesa'),
		   (22, 267, '/Music/Albums/Ethnomecanica/Cosmic Song.mp3', 'Cosmic Song'),
		   (22, 268, '/Music/Albums/Ethnomecanica/Boonika Bata Doba.mp3', 'Boonika Bata Doba'),
		   (22, 269, '/Music/Albums/Ethnomecanica/Miorita.mp3', 'Miorita'),
		   (22, 270, '/Music/Albums/Ethnomecanica/Hardcore Moldovenesc.mp3', 'Hardcore Moldovenesc'),
		   (22, 271, '/Music/Albums/Ethnomecanica/Cantec De Drum.mp3', 'Cantec De Drum'),
		   (22, 272, '/Music/Albums/Ethnomecanica/Sarba Lui Mihai.mp3', 'Sarba Lui Mihai'),
		   (22, 273, '/Music/Albums/Ethnomecanica/Haitura.mp3', 'Haitura'),
		   (22, 274, '/Music/Albums/Ethnomecanica/Batuta.mp3', 'Batuta'),
		   (22, 275, '/Music/Albums/Ethnomecanica/This Is The Night.mp3', 'This Is The Night'),
		   (22, 276, '/Music/Albums/Ethnomecanica/Gypsy & Ufo.mp3', 'Gypsy & Ufo'),
		   (22, 277, '/Music/Albums/Ethnomecanica/Ciocarlia.mp3', 'Ciocarlia'),
		   (22, 278, '/Music/Albums/Ethnomecanica/Tractorui.mp3', 'Tractorui'),
		   (22, 279, '/Music/Albums/Ethnomecanica/Zdubi Bateti Tare.mp3', 'Zdubi Bateti Tare'),
		   (22, 280, '/Music/Albums/Ethnomecanica/Intro Joc.mp3', 'Intro Joc'),
		   (23, 281, '/Music/Albums/Uit Oude Grond/Nehalennia.mp3', 'Nehalennia'),
		   (23, 282, '/Music/Albums/Uit Oude Grond/Ostara.mp3', 'Ostara'),
		   (23, 283, '/Music/Albums/Uit Oude Grond/Vlammenzee.mp3', 'Vlammenzee'),
		   (23, 284, '/Music/Albums/Uit Oude Grond/Een Geldersch lied.mp3', 'Een Geldersch lied'),
		   (23, 285, '/Music/Albums/Uit Oude Grond/Dondergod.mp3', 'Dondergod'),
		   (23, 286, '/Music/Albums/Uit Oude Grond/Reuzenmacht.mp3', 'Reuzenmacht'),
		   (23, 287, '/Music/Albums/Uit Oude Grond/Alvermans wraak.mp3', 'Alvermans wraak'),
		   (23, 288, '/Music/Albums/Uit Oude Grond/Karel van Egmond, hertog van Gelre.mp3', 'Karel van Egmond, hertog van Gelre'),
		   (23, 289, '/Music/Albums/Uit Oude Grond/Levenslot.mp3', 'Levenslot'),
		   (23, 290, '/Music/Albums/Uit Oude Grond/Deemstering.mp3', 'Deemsterin'),
		   (23, 291, '/Music/Albums/Uit Oude Grond/Beest bij nacht.mp3', 'Beest bij nacht'),
		   (24, 292, '/Music/Albums/Death Cult Armageddon/Allegiance.mp3', 'Allegiance'),
		   (24, 293, '/Music/Albums/Death Cult Armageddon/Progenies of the Great Apocalypse.mp3', 'Progenies of the Great Apocalypse'),
		   (24, 294, '/Music/Albums/Death Cult Armageddon/Lepers Among Us.mp3', 'Lepers Among Us'),
		   (24, 295, '/Music/Albums/Death Cult Armageddon/Vredesbyrd.mp3', 'Vredesbyrd'),
		   (24, 296, '/Music/Albums/Death Cult Armageddon/For the World to Dictate Our Death.mp3', 'For the World to Dictate Our Death'),
		   (24, 297, '/Music/Albums/Death Cult Armageddon/Blood Hunger Doctrine.mp3', 'Blood Hunger Doctrine'),
		   (24, 298, '/Music/Albums/Death Cult Armageddon/Allehelgens Død i Helveds Rike.mp3', 'Allehelgens Død i Helveds Rike'),
		   (24, 299, '/Music/Albums/Death Cult Armageddon/Cataclysm Children.mp3', 'Cataclysm Children'),
		   (24, 300, '/Music/Albums/Death Cult Armageddon/Eradication Instincts Defined.mp3', 'Eradication Instincts Defined'),
		   (24, 301, '/Music/Albums/Death Cult Armageddon/Unorthodox Manifesto.mp3', 'Unorthodox Manifesto'),
		   (24, 302, '/Music/Albums/Death Cult Armageddon/Heavenly Perverse.mp3', 'Heavenly Perverse'),
		   (25, 303, '/Music/Albums/Hellwood/Nadchodzi.mp3', 'Nadchodzi'),
		   (25, 304, '/Music/Albums/Hellwood/Strasznik.mp3', 'Strasznik'),
		   (25, 305, '/Music/Albums/Hellwood/Mierci miech.mp3', 'Mierci miech'),
		   (25, 306, '/Music/Albums/Hellwood/Labirynt Fauna.mp3', 'Labirynt Fauna'),
		   (25, 307, '/Music/Albums/Hellwood/Duch Epoki.mp3', 'Duch Epoki'),
		   (25, 308, '/Music/Albums/Hellwood/Armia Boga.mp3', 'Armia Boga'),
		   (25, 309, '/Music/Albums/Hellwood/Dura Lex Sed Lex.mp3', 'Dura Lex Sed Lex'),
		   (25, 310, '/Music/Albums/Hellwood/TshaZshyC.mp3', 'TshaZshyC'),
		   (25, 311, '/Music/Albums/Hellwood/Arges.mp3', 'Arges'),
		   (25, 312, '/Music/Albums/Hellwood/Cztery Wieki Później.mp3', 'Cztery Wieki Później'),
		   (25, 313, '/Music/Albums/Hellwood/Zbawienie.mp3', 'Zbawienie'),
		   (26, 314, '/Music/Albums/Irreligious/Perverse... Almost Religious.mp3', 'Perverse... Almost Religious'),
		   (26, 315, '/Music/Albums/Irreligious/Opium.mp3', 'Opium'),
		   (26, 316, '/Music/Albums/Irreligious/Awake.mp3', 'Awake'),
		   (26, 317, '/Music/Albums/Irreligious/For a Taste of Eternity.mp3', 'For a Taste of Eternity'),
		   (26, 318, '/Music/Albums/Irreligious/Ruin & Misery.mp3', 'Ruin & Misery'),
		   (26, 319, '/Music/Albums/Irreligious/A Poisoned Gift.mp3', 'A Poisoned Gift'),
		   (26, 320, '/Music/Albums/Irreligious/Subversion.mp3', 'Subversion'),
		   (26, 321, '/Music/Albums/Irreligious/Raven Claws.mp3', 'Raven Claws'),
		   (26, 322, '/Music/Albums/Irreligious/Mephisto.mp3', 'Mephisto'),
		   (26, 323, '/Music/Albums/Irreligious/Herr Spiegelmann.mp3', 'Herr Spiegelmann'),
		   (26, 324, '/Music/Albums/Irreligious/Full Moon Madness.mp3', 'Full Moon Madness'),
		   (27, 325, '/Music/Albums/Spiritus Sanctus/Spiritus Sanctus.mp3', 'Spiritus Sanctus'),
		   (27, 326, '/Music/Albums/Spiritus Sanctus/Nu pot trăi fără tine.mp3', 'Nu pot trăi fără tine'),
		   (27, 327, '/Music/Albums/Spiritus Sanctus/Fraiere.mp3', 'Fraiere'),
		   (27, 328, '/Music/Albums/Spiritus Sanctus/Dacă ploaia s-ar opri.mp3', 'Dacă ploaia s-ar opri'),
		   (27, 329, '/Music/Albums/Spiritus Sanctus/Călare pe Motoare.mp3', 'Călare pe Motoare'),
		   (27, 330, '/Music/Albums/Spiritus Sanctus/E vreo problemă.mp3', 'E vreo problemă'),
		   (27, 331, '/Music/Albums/Spiritus Sanctus/Toamna.mp3', 'Toamna'),
		   (27, 332, '/Music/Albums/Spiritus Sanctus/Mama.mp3', 'Mama'),
		   (27, 333, '/Music/Albums/Spiritus Sanctus/Baga-Ti Mintile In Cap.mp3', 'Baga-Ti Mintile In Cap'),
		   (28, 334, '/Music/Albums/Акустический Альбом/Кукла колдуна.mp3', 'Кукла колдуна'),
		   (28, 335, '/Music/Albums/Акустический Альбом/Наблюдатель.mp3', 'Наблюдатель'),
		   (28, 336, '/Music/Albums/Акустический Альбом/Бедняжка.mp3', 'Бедняжка'),
		   (28, 337, '/Music/Albums/Акустический Альбом/Прыгну со скалы.mp3', 'Прыгну со скалы'),
		   (28, 338, '/Music/Albums/Акустический Альбом/Девушка и граф.mp3', 'Девушка и граф'),
		   (28, 339, '/Music/Albums/Акустический Альбом/Песня мушкетеров.mp3', 'Песня мушкетеров'),
		   (28, 340, '/Music/Albums/Акустический Альбом/Тяни.mp3', 'Тяни.'),
		   (28, 341, '/Music/Albums/Акустический Альбом/Утренний рассвет.mp3', 'Утренний рассвет.'),
		   (28, 342, '/Music/Albums/Акустический Альбом/Сосиска.mp3', 'Сосиска'),
		   (28, 343, '/Music/Albums/Акустический Альбом/Карапуз.mp3', 'Карапуз'),
		   (28, 344, '/Music/Albums/Акустический Альбом/Спятил отец.mp3', 'Спятил отец'),
		   (28, 345, '/Music/Albums/Акустический Альбом/Ведьма и осел.mp3', 'Ведьма и осел'),
		   (28, 346, '/Music/Albums/Акустический Альбом/Екатерина.mp3', 'Екатерина'),
		   (28, 347, '/Music/Albums/Акустический Альбом/Прерванная любовь, или арбузная корка.mp3', 'Прерванная любовь, или арбузная корка'),
		   (28, 348, '/Music/Albums/Акустический Альбом/Мотоцикл.mp3', 'Мотоцикл'),
		   (28, 349, '/Music/Albums/Акустический Альбом/Голые коки.mp3', 'Голые коки'),
		   (28, 350, '/Music/Albums/Акустический Альбом/Забытые ботинки.mp3', 'Забытые ботинки'),
		   (29, 351, '/Music/Albums/Kolo/Ludo luda.mp3', 'Ludo luda'),
		   (29, 352, '/Music/Albums/Kolo/Vrteska.mp3', 'Vrteska'),
		   (29, 353, '/Music/Albums/Kolo/Plastelin.mp3', 'Plastelin'),
		   (29, 354, '/Music/Albums/Kolo/Do kraja sveta.mp3', 'Do kraja sveta'),
		   (29, 355, '/Music/Albums/Kolo/Disem.mp3', 'Disem'),
		   (29, 356, '/Music/Albums/Kolo/Spisak razloga.mp3', 'Spisak razloga'),
		   (29, 357, '/Music/Albums/Kolo/Deo oko tebe.mp3', 'Deo oko tebe'),
		   (29, 358, '/Music/Albums/Kolo/Suđeno mi je.mp3', 'Suđeno mi je'),
		   (29, 359, '/Music/Albums/Kolo/Od kad te nema.mp3', 'Od kad te nema'),
		   (29, 360, '/Music/Albums/Kolo/Emigrant.mp3', 'Emigrant'),
		   (29, 361, '/Music/Albums/Kolo/Ljubav je.mp3', 'Ljubav je'),
		   (30, 362, '/Music/Albums/Rh-/Rh-.mp3', 'Rh-'),
		   (30, 363, '/Music/Albums/Rh-/Japan.mp3', 'Japan'),
		   (30, 364, '/Music/Albums/Rh-/Ring.mp3', 'Ring'),
		   (30, 365, '/Music/Albums/Rh-/Napoj.mp3', 'Napoj'),
		   (30, 366, '/Music/Albums/Rh-/Sim Hae.mp3', 'Sim Hae'),
		   (30, 367, '/Music/Albums/Rh-/Kloner.mp3', 'Kloner'),
		   (30, 368, '/Music/Albums/Rh-/Rooskie.mp3', 'Rooskie'),
		   (30, 369, '/Music/Albums/Rh-/Rave.mp3', 'Rave'),
		   (30, 370, '/Music/Albums/Rh-/Naiven Ples.mp3', 'Naiven Ples'),
		   (30, 371, '/Music/Albums/Rh-/Ciklon Orka.mp3', 'Ciklon Orka'),
		   (30, 372, '/Music/Albums/Rh-/T.H.O.R.mp3', 'T.H.O.R'),
		   (30, 373, '/Music/Albums/Rh-/Et Tu.mp3', 'Et Tu'),
		   (30, 374, '/Music/Albums/Rh-/Venom E.mp3', 'Venom E'),
		   (30, 375, '/Music/Albums/Rh-/Marslander.mp3', 'Marslander'),
		   (30, 376, '/Music/Albums/Rh-/Etna.mp3', 'Etna'),
		   (31, 377, '/Music/Albums/Senderos De Traicion/Entre Dos Tierras.mp3', 'Entre Dos Tierras'),
		   (31, 378, '/Music/Albums/Senderos De Traicion/Maldito Duende.mp3', 'Maldito Duende'),
		   (31, 379, '/Music/Albums/Senderos De Traicion/La Carta.mp3', 'La Carta'),
		   (31, 380, '/Music/Albums/Senderos De Traicion/Malas Intenciones.mp3', 'Malas Intenciones'),
		   (31, 381, '/Music/Albums/Senderos De Traicion/Sal.mp3', 'Sal'),
		   (31, 382, '/Music/Albums/Senderos De Traicion/Senda.mp3', 'Senda'),
		   (31, 383, '/Music/Albums/Senderos De Traicion/Hechizo.mp3', 'Hechizo'),
		   (31, 384, '/Music/Albums/Senderos De Traicion/Oración.mp3', 'Oración'),
		   (31, 385, '/Music/Albums/Senderos De Traicion/Despertar.mp3', 'Despertar'),
		   (31, 386, '/Music/Albums/Senderos De Traicion/Decadencia.mp3', 'Decadencia'),
		   (31, 387, '/Music/Albums/Senderos De Traicion/Con Nombre De Guerra.mp3', 'Con Nombre De Guerra'),
		   (31, 388, '/Music/Albums/Senderos De Traicion/El Cuadro II.mp3', 'El Cuadro II'),
		   (32, 389, '/Music/Albums/The Great War/The Future Warefare.mp3', 'The Future Warefare'),
		   (32, 390, '/Music/Albums/The Great War/Seven Pillars of Wisdom.mp3', 'Seven Pillars of Wisdom'),
		   (32, 391, '/Music/Albums/The Great War/82nd All the Way.mp3', '82nd All the Way'),
		   (32, 392, '/Music/Albums/The Great War/The Attack of the Dead Men.mp3', 'The Attack of the Dead Men'),
		   (32, 393, '/Music/Albums/The Great War/Devil Dogs.mp3', 'Devil Dogs'),
		   (32, 394, '/Music/Albums/The Great War/The Red Baron.mp3', 'The Red Baron'),
		   (32, 395, '/Music/Albums/The Great War/Great War.mp3', 'Great War'),
		   (32, 396, '/Music/Albums/The Great War/A Ghost in the Trenches.mp3', 'A Ghost in the Trenches'),
		   (32, 397, '/Music/Albums/The Great War/Fields of Verdun.mp3', 'Fields of Verdun'),
		   (32, 398, '/Music/Albums/The Great War/The End of the War to End All Wars.mp3', 'The End of the War to End All Wars'),
		   (32, 399, '/Music/Albums/The Great War/In Flanders Fields.mp3', 'In Flanders Fields'),
		   (33, 400, '/Music/Albums/Lipservice/All We Are.mp3', 'All We Are'),
		   (33, 401, '/Music/Albums/Lipservice/Dream On.mp3', 'Dream On'),
		   (33, 402, '/Music/Albums/Lipservice/Lift U Up.mp3', 'Lift U Up'),
		   (33, 403, '/Music/Albums/Lipservice/Everything I Want.mp3', 'Everything I Want'),
		   (33, 404, '/Music/Albums/Lipservice/Cupid Arrow.mp3', 'Cupid Arrow'),
		   (33, 405, '/Music/Albums/Lipservice/I Wonder.mp3', 'I Wonder'),
		   (33, 406, '/Music/Albums/Lipservice/I''m Alive.mp3', 'I''m Alive'),
		   (33, 407, '/Music/Albums/Lipservice/I''ve Seen An Angel Cry.mp3', 'I''ve Seen An Angel Cry'),
		   (33, 408, '/Music/Albums/Lipservice/Stay For The Night.mp3', 'Stay For The Night'),
		   (33, 409, '/Music/Albums/Lipservice/Anytime Anywhere.mp3', 'Anytime Anywhere'),
		   (33, 410, '/Music/Albums/Lipservice/Said & Done.mp3', 'Said & Done'),
		   (33, 411, '/Music/Albums/Lipservice/The Other Side Of Me.mp3', 'The Other Side Of Me'),
		   (33, 412, '/Music/Albums/Lipservice/Nothing Left At All.mp3', 'Nothing Left At All'),
		   (33, 413, '/Music/Albums/Lipservice/And Then Goodbye.mp3', 'And Then Goodbye'),
		   (34, 414, '/Music/Albums/Stones and Honey/Hard.mp3', 'Hard'),
		   (34, 415, '/Music/Albums/Stones and Honey/Only Once.mp3', 'Only Once'),
		   (34, 416, '/Music/Albums/Stones and Honey/Make-Up.mp3', 'Make-Up'),
		   (34, 417, '/Music/Albums/Stones and Honey/Strange Moves.mp3', 'Strange Moves'),
		   (34, 418, '/Music/Albums/Stones and Honey/Shadows of Time.mp3', 'Shadows of Time'),
		   (34, 419, '/Music/Albums/Stones and Honey/Hurricane.mp3', 'Hurricane'),
		   (34, 420, '/Music/Albums/Stones and Honey/In Love.mp3', 'In Love'),
		   (34, 421, '/Music/Albums/Stones and Honey/Little Girl.mp3', 'Little Girl'),
		   (34, 422, '/Music/Albums/Stones and Honey/Dance With Me.mp3', 'Dance With Me'),
		   (34, 423, '/Music/Albums/Stones and Honey/Kiss.mp3', 'Kiss'),
		   (34, 424, '/Music/Albums/Stones and Honey/October.mp3', 'October'),
		   (34, 425, '/Music/Albums/Stones and Honey/Japanese Dancer.mp3', 'Japanese Dancer'),
		   (34, 426, '/Music/Albums/Stones and Honey/Under the Sun.mp3', 'Under the Sun'),
		   (34, 427, '/Music/Albums/Stones and Honey/Stones.mp3', 'Stones'),
		   (34, 428, '/Music/Albums/Stones and Honey/Part of Me.mp3', 'Part of Me'),
		   (34, 429, '/Music/Albums/Stones and Honey/Babylon.mp3', 'Babylon'),
		   (34, 430, '/Music/Albums/Stones and Honey/Tell Me Brother.mp3', 'Tell Me Brother'),
		   (34, 431, '/Music/Albums/Stones and Honey/Прірва.mp3', 'Прірва'),
		   (34, 432, '/Music/Albums/Stones and Honey/Blues.mp3', 'Blues'),
		   (35, 433, '/Music/Albums/Tales from the Kingdom of Fife/Anstruther''s Dark Prophecy.mp3', 'Anstruther''s Dark Prophecy.'),
		   (35, 434, '/Music/Albums/Tales from the Kingdom of Fife/The Unicorn Invasion of Dundee.mp3', 'The Unicorn Invasion of Dundee'),
		   (35, 435, '/Music/Albums/Tales from the Kingdom of Fife/Angus McFife.mp3', 'Angus McFife'),
		   (35, 436, '/Music/Albums/Tales from the Kingdom of Fife/Quest for the Hammer of Glory.mp3', 'Quest for the Hammer of Glory'),
		   (35, 437, '/Music/Albums/Tales from the Kingdom of Fife/Magic Dragon.mp3', 'Magic Dragon'),
		   (35, 438, '/Music/Albums/Tales from the Kingdom of Fife/Silent Tears of Frozen Princess.mp3', 'Silent Tears of Frozen Princess'),
		   (35, 439, '/Music/Albums/Tales from the Kingdom of Fife/Amulet of Justice.mp3', 'Amulet of Justice'),
		   (35, 440, '/Music/Albums/Tales from the Kingdom of Fife/Hail to Crail.mp3', 'Hail to Crail'),
		   (35, 441, '/Music/Albums/Tales from the Kingdom of Fife/Beneath Cowdenbeath.mp3', 'Beneath Cowdenbeath'),
		   (35, 442, '/Music/Albums/Tales from the Kingdom of Fife/The Epic Rage of Furious Thunder.mp3', 'The Epic Rage of Furious Thunder'),
		   (35, 443, '/Music/Albums/Tales from the Kingdom of Fife/Wizards.mp3', 'Wizards'),
		   (36, 444, '/Music/Albums/Abbey Road/Come Together.mp3', 'Come Together'),
		   (36, 445, '/Music/Albums/Abbey Road/Something.mp3', 'Something'),
		   (36, 446, '/Music/Albums/Abbey Road/Maxwell''s Silver Hammer.mp3', 'Maxwell''s Silver Hammer'),
		   (36, 447, '/Music/Albums/Abbey Road/Oh Darling.mp3', 'Oh Darling'),
		   (36, 448, '/Music/Albums/Abbey Road/Octopus''s Garden.mp3', 'Octopus''s Garden'),
		   (36, 449, '/Music/Albums/Abbey Road/I Want You.mp3', 'I Want You'),
		   (36, 450, '/Music/Albums/Abbey Road/Here Comes the Sun.mp3', 'Here Comes the Sun'),
		   (36, 451, '/Music/Albums/Abbey Road/Because.mp3', 'Because'),
		   (36, 452, '/Music/Albums/Abbey Road/Sun King.mp3', 'Sun King'),
		   (36, 453, '/Music/Albums/Abbey Road/You Never Give Me Your Money.mp3', 'You Never Give Me Your Money'),
		   (36, 454, '/Music/Albums/Abbey Road/Mean Mr Mustard.mp3', 'Mean Mr Mustard'),
		   (36, 455, '/Music/Albums/Abbey Road/Polythene Pam.mp3', 'Polythene Pam'),
		   (36, 456, '/Music/Albums/Abbey Road/She Came In Through the Bathroom Window.mp3', 'She Came In Through the Bathroom Window'),
		   (36, 457, '/Music/Albums/Abbey Road/Golden Slumbers.mp3', 'Golden Slumbers'),
		   (36, 458, '/Music/Albums/Abbey Road/Carry That Weight.mp3', 'Carry That Weight'),
		   (36, 459, '/Music/Albums/Abbey Road/The End.mp3', 'The End'),
		   (36, 460, '/Music/Albums/Abbey Road/Her Majesty.mp3', 'Her Majesty'),
		   (37, 461, '/Music/Albums/A Night at the Opera/Death on Two Legs.mp3', 'Death on Two Legs'),
		   (37, 462, '/Music/Albums/A Night at the Opera/Lazing on a Sunday Afternoon.mp3', 'Lazing on a Sunday Afternoon'),
		   (37, 463, '/Music/Albums/A Night at the Opera/I''m in Love with My Car.mp3', 'I''m in Love with My Car'),
		   (37, 464, '/Music/Albums/A Night at the Opera/You''re My Best Friend.mp3', 'You''re My Best Friend'),
		   (37, 465, '/Music/Albums/A Night at the Opera/''39.mp3', '''39'),
		   (37, 466, '/Music/Albums/A Night at the Opera/Sweet Lady.mp3', 'Sweet Lady'),
		   (37, 467, '/Music/Albums/A Night at the Opera/Good Company.mp3', 'Good Company'),
		   (37, 468, '/Music/Albums/A Night at the Opera/Seaside Rendezvous.mp3', 'Seaside Rendezvous'),
		   (37, 469, '/Music/Albums/A Night at the Opera/The Prophet''s Song.mp3', 'The Prophet''s Song'),
		   (37, 470, '/Music/Albums/A Night at the Opera/Love of My Life.mp3', 'Love of My Life'),
		   (37, 471, '/Music/Albums/A Night at the Opera/Bohemian Rhapsody.mp3', 'Bohemian Rhapsody'),
		   (37, 472, '/Music/Albums/A Night at the Opera/God Save the Queen.mp3', 'God Save the Queen')

create table Playlist(
	Id_playlist int constraint Id_playlist_fk foreign key references Playlists(Id_playlists),
	Id_playlist_composition int,
	Id_composition int,
	primary key(Id_playlist_composition, Id_composition)
);

alter table Playlist
add foreign key (Id_composition) references Album(Id_composition)
on delete cascade